,Match_ID,Div,Season,Date,HomeTeam,AwayTeam,FTHG,FTAG,FTR,Forecast
0,1092,D1,2011,2012-03-31,Nurnberg,Bayern Munich,0,1,A,rain
1,1093,D1,2011,2011-12-11,Stuttgart,Bayern Munich,1,2,A,partly-cloudy-day
2,1094,D1,2011,2011-08-13,Wolfsburg,Bayern Munich,0,1,A,partly-cloudy-day
3,1095,D1,2011,2011-11-27,Mainz,Bayern Munich,3,2,H,partly-cloudy-day
4,1096,D1,2011,2012-02-18,Freiburg,Bayern Munich,0,0,D,partly-cloudy-day
5,1097,D1,2011,2012-01-20,M'gladbach,Bayern Munich,3,1,H,rain
6,1098,D1,2011,2012-02-04,Hamburg,Bayern Munich,1,1,D,partly-cloudy-day
7,1099,D1,2011,2012-04-21,Werder Bremen,Bayern Munich,1,2,A,partly-cloudy-day
8,1100,D1,2011,2011-09-18,Schalke 04,Bayern Munich,0,2,A,rain
9,1101,D1,2011,2011-10-23,Hannover,Bayern Munich,2,1,H,rain
10,1102,D1,2011,2011-10-01,Hoffenheim,Bayern Munich,0,0,D,clear-day
11,1103,D1,2011,2012-03-03,Leverkusen,Bayern Munich,2,0,H,clear-day
12,1104,D1,2011,2011-08-27,Kaiserslautern,Bayern Munich,0,3,A,rain
13,1105,D1,2011,2012-03-17,Hertha,Bayern Munich,0,6,A,clear-day
14,1106,D1,2011,2011-11-06,Augsburg,Bayern Munich,1,2,A,rain
15,1107,D1,2011,2012-05-05,FC Koln,Bayern Munich,1,4,A,rain
16,1108,D1,2011,2012-04-11,Dortmund,Bayern Munich,1,0,H,partly-cloudy-day
17,1109,D1,2011,2011-08-27,Leverkusen,Dortmund,0,0,D,rain
18,1110,D1,2011,2011-12-17,Freiburg,Dortmund,1,4,A,rain
19,1111,D1,2011,2012-02-18,Hertha,Dortmund,0,1,A,partly-cloudy-day
20,1112,D1,2011,2012-02-03,Nurnberg,Dortmund,0,2,A,partly-cloudy-day
21,1113,D1,2011,2011-08-13,Hoffenheim,Dortmund,1,0,H,partly-cloudy-day
22,1114,D1,2011,2011-10-29,Stuttgart,Dortmund,1,1,D,clear-day
23,1115,D1,2011,2012-01-22,Hamburg,Dortmund,1,5,A,rain
24,1116,D1,2011,2011-12-03,M'gladbach,Dortmund,1,1,D,rain
25,1117,D1,2011,2012-04-14,Schalke 04,Dortmund,1,2,A,clear-day
26,1118,D1,2011,2011-09-18,Hannover,Dortmund,2,1,H,rain
27,1119,D1,2011,2012-03-25,FC Koln,Dortmund,1,6,A,partly-cloudy-day
28,1120,D1,2011,2012-03-10,Augsburg,Dortmund,0,0,D,partly-cloudy-day
29,1121,D1,2011,2012-04-07,Wolfsburg,Dortmund,1,3,A,partly-cloudy-day
30,1122,D1,2011,2011-11-19,Bayern Munich,Dortmund,0,1,A,partly-cloudy-day
31,1123,D1,2011,2011-10-14,Werder Bremen,Dortmund,0,2,A,partly-cloudy-day
32,1124,D1,2011,2011-09-24,Mainz,Dortmund,1,2,A,clear-day
33,1125,D1,2011,2012-04-28,Kaiserslautern,Dortmund,2,5,A,clear-day
34,1126,D2,2011,2011-12-18,Hansa Rostock,Dresden,2,2,D,rain
35,1127,D2,2011,2012-03-02,Bochum,Dresden,0,2,A,partly-cloudy-day
36,1128,D2,2011,2012-03-16,Ein Frankfurt,Dresden,3,0,H,clear-day
37,1129,D2,2011,2012-02-17,Paderborn,Dresden,2,2,D,rain
38,1130,D2,2011,2011-08-06,Greuther Furth,Dresden,1,0,H,rain
39,1131,D2,2011,2011-11-04,Fortuna Dusseldorf,Dresden,2,1,H,clear-day
40,1132,D2,2011,2011-09-16,Ingolstadt,Dresden,4,2,H,partly-cloudy-day
41,1133,D2,2011,2011-07-15,Cottbus,Dresden,2,1,H,partly-cloudy-day
42,1134,D2,2011,2011-11-27,St Pauli,Dresden,3,1,H,partly-cloudy-day
43,1135,D2,2011,2012-05-06,Frankfurt FSV,Dresden,1,1,D,rain
44,1136,D2,2011,2012-02-11,Union Berlin,Dresden,4,0,H,partly-cloudy-day
45,1137,D2,2011,2011-10-02,Munich 1860,Dresden,2,4,A,clear-day
46,1138,D2,2011,2012-03-30,Aachen,Dresden,0,1,A,partly-cloudy-day
47,1139,D2,2011,2012-04-11,Karlsruhe,Dresden,2,0,H,partly-cloudy-day
48,1140,D2,2011,2011-10-22,Braunschweig,Dresden,0,2,A,clear-day
49,1141,D2,2011,2012-04-21,Erzgebirge Aue,Dresden,1,1,D,partly-cloudy-day
50,1142,D2,2011,2011-08-26,Duisburg,Dresden,3,0,H,rain
51,1143,D2,2011,2011-08-07,Frankfurt FSV,Duisburg,0,0,D,rain
52,1144,D2,2011,2012-02-24,Dresden,Duisburg,2,0,H,rain
53,1145,D2,2011,2011-12-18,Cottbus,Duisburg,1,1,D,rain
54,1146,D2,2011,2011-07-17,Karlsruhe,Duisburg,3,2,H,rain
55,1147,D2,2011,2012-04-11,Munich 1860,Duisburg,2,1,H,partly-cloudy-day
56,1148,D2,2011,2011-11-06,Aachen,Duisburg,2,2,D,rain
57,1149,D2,2011,2012-02-12,Hansa Rostock,Duisburg,4,2,H,partly-cloudy-day
58,1150,D2,2011,2011-08-22,St Pauli,Duisburg,2,1,H,partly-cloudy-day
59,1151,D2,2011,2011-10-23,Ein Frankfurt,Duisburg,3,0,H,rain
60,1152,D2,2011,2011-09-09,Greuther Furth,Duisburg,2,1,H,rain
61,1153,D2,2011,2012-04-01,Ingolstadt,Duisburg,1,1,D,partly-cloudy-day
62,1154,D2,2011,2011-09-25,Bochum,Duisburg,2,1,H,clear-day
63,1155,D2,2011,2012-04-20,Braunschweig,Duisburg,0,0,D,partly-cloudy-day
64,1156,D2,2011,2011-11-25,Erzgebirge Aue,Duisburg,1,2,A,rain
65,1157,D2,2011,2012-03-25,Paderborn,Duisburg,1,2,A,partly-cloudy-day
66,1158,D2,2011,2012-05-06,Fortuna Dusseldorf,Duisburg,2,2,D,rain
67,1159,D2,2011,2012-03-09,Union Berlin,Duisburg,1,1,D,partly-cloudy-day
68,1160,D2,2011,2011-11-07,Erzgebirge Aue,Ein Frankfurt,1,2,A,clear-day
69,1161,D2,2011,2011-09-10,Cottbus,Ein Frankfurt,3,3,D,rain
70,1162,D2,2011,2011-10-14,Bochum,Ein Frankfurt,0,2,A,partly-cloudy-day
71,1163,D2,2011,2011-08-21,Frankfurt FSV,Ein Frankfurt,0,4,A,clear-day
72,1164,D2,2011,2011-09-26,Dresden,Ein Frankfurt,1,4,A,clear-day
73,1165,D2,2011,2012-04-07,Duisburg,Ein Frankfurt,2,0,H,partly-cloudy-day
74,1166,D2,2011,2012-03-26,Union Berlin,Ein Frankfurt,0,4,A,clear-day
75,1167,D2,2011,2011-07-15,Greuther Furth,Ein Frankfurt,2,3,A,partly-cloudy-day
76,1168,D2,2011,2012-05-06,Karlsruhe,Ein Frankfurt,1,0,H,rain
77,1169,D2,2011,2011-10-30,Ingolstadt,Ein Frankfurt,1,1,D,rain
78,1170,D2,2011,2012-02-13,Fortuna Dusseldorf,Ein Frankfurt,1,1,D,partly-cloudy-day
79,1171,D2,2011,2011-08-07,Braunschweig,Ein Frankfurt,0,3,A,rain
80,1172,D2,2011,2012-02-26,Paderborn,Ein Frankfurt,4,2,H,partly-cloudy-day
81,1173,D2,2011,2011-12-19,St Pauli,Ein Frankfurt,2,0,H,partly-cloudy-day
82,1174,D2,2011,2012-03-11,Hansa Rostock,Ein Frankfurt,1,5,A,partly-cloudy-day
83,1175,D2,2011,2011-11-26,Munich 1860,Ein Frankfurt,2,1,H,rain
84,1176,D2,2011,2012-04-23,Aachen,Ein Frankfurt,0,3,A,partly-cloudy-day
85,1177,D1,2011,2011-12-03,Stuttgart,FC Koln,2,2,D,rain
86,1178,D1,2011,2011-12-16,Bayern Munich,FC Koln,3,0,H,rain
87,1179,D1,2011,2011-10-22,Dortmund,FC Koln,5,0,H,clear-day
88,1180,D1,2011,2011-08-13,Schalke 04,FC Koln,5,1,H,partly-cloudy-day
89,1181,D1,2011,2011-11-05,Werder Bremen,FC Koln,3,2,H,rain
90,1182,D1,2011,2012-04-28,Freiburg,FC Koln,4,1,H,clear-day
91,1183,D1,2011,2012-04-10,Mainz,FC Koln,4,0,H,partly-cloudy-day
92,1184,D1,2011,2012-04-15,M'gladbach,FC Koln,3,0,H,partly-cloudy-day
93,1185,D1,2011,2012-02-18,Nurnberg,FC Koln,2,1,H,partly-cloudy-day
94,1186,D1,2011,2012-02-05,Kaiserslautern,FC Koln,0,1,A,partly-cloudy-day
95,1187,D1,2011,2012-03-04,Hoffenheim,FC Koln,1,1,D,clear-day
96,1188,D1,2011,2011-09-17,Leverkusen,FC Koln,1,4,A,partly-cloudy-day
97,1189,D1,2011,2012-03-31,Augsburg,FC Koln,2,1,H,rain
98,1190,D1,2011,2011-10-01,Hertha,FC Koln,3,0,H,clear-day
99,1191,D1,2011,2011-08-27,Hamburg,FC Koln,3,4,A,rain
100,1192,D1,2011,2012-01-21,Wolfsburg,FC Koln,1,0,H,partly-cloudy-day
101,1193,D1,2011,2012-03-18,Hannover,FC Koln,4,1,H,partly-cloudy-day
102,1194,D1,2011,2011-08-06,Augsburg,Freiburg,2,2,D,rain
103,1195,D1,2011,2011-09-24,Schalke 04,Freiburg,4,2,H,clear-day
104,1196,D1,2011,2012-03-10,M'gladbach,Freiburg,0,0,D,partly-cloudy-day
105,1197,D1,2011,2011-09-10,Bayern Munich,Freiburg,7,0,H,rain
106,1198,D1,2011,2012-04-22,Hannover,Freiburg,0,0,D,partly-cloudy-day
107,1199,D1,2011,2011-08-20,Werder Bremen,Freiburg,5,3,H,clear-day
108,1200,D1,2011,2012-03-17,Hamburg,Freiburg,1,3,A,clear-day
109,1201,D1,2011,2012-02-10,Wolfsburg,Freiburg,3,2,H,partly-cloudy-day
110,1202,D1,2011,2011-10-22,Kaiserslautern,Freiburg,1,0,H,clear-day
111,1203,D1,2011,2011-11-26,Hoffenheim,Freiburg,1,1,D,rain
112,1204,D1,2011,2012-02-25,Stuttgart,Freiburg,4,1,H,partly-cloudy-day
113,1205,D1,2011,2011-12-10,FC Koln,Freiburg,4,0,H,rain
114,1206,D1,2011,2012-03-31,Leverkusen,Freiburg,0,2,A,rain
115,1207,D1,2011,2012-05-05,Dortmund,Freiburg,4,0,H,rain
116,1208,D1,2011,2012-04-10,Hertha,Freiburg,1,2,A,partly-cloudy-day
117,1209,D1,2011,2012-01-29,Mainz,Freiburg,3,1,H,clear-day
118,1210,D1,2011,2011-11-05,Nurnberg,Freiburg,1,2,A,rain
119,1211,D1,2011,2011-08-20,Bayern Munich,Hamburg,5,0,H,clear-day
120,1212,D1,2011,2012-04-11,Hoffenheim,Hamburg,4,0,H,partly-cloudy-day
121,1213,D1,2011,2011-12-10,Mainz,Hamburg,0,0,D,rain
122,1214,D1,2011,2011-10-16,Freiburg,Hamburg,1,2,A,rain
123,1215,D1,2011,2012-03-31,Kaiserslautern,Hamburg,0,1,A,rain
124,1216,D1,2011,2012-03-11,Schalke 04,Hamburg,3,1,H,partly-cloudy-day
125,1217,D1,2011,2012-04-21,Nurnberg,Hamburg,1,1,D,partly-cloudy-day
126,1218,D1,2011,2011-09-10,Werder Bremen,Hamburg,2,0,H,rain
127,1219,D1,2011,2011-08-05,Dortmund,Hamburg,3,1,H,rain
128,1220,D1,2011,2012-03-23,Wolfsburg,Hamburg,2,1,H,partly-cloudy-day
129,1221,D1,2011,2012-02-12,FC Koln,Hamburg,0,1,A,partly-cloudy-day
130,1222,D1,2011,2011-11-26,Hannover,Hamburg,1,1,D,rain
131,1223,D1,2011,2012-05-05,Augsburg,Hamburg,1,0,H,rain
132,1224,D1,2011,2011-09-23,Stuttgart,Hamburg,1,2,A,partly-cloudy-day
133,1225,D1,2011,2012-02-24,M'gladbach,Hamburg,1,1,D,rain
134,1226,D1,2011,2011-11-05,Leverkusen,Hamburg,2,2,D,rain
135,1227,D1,2011,2012-01-28,Hertha,Hamburg,1,2,A,partly-cloudy-day
136,1228,D1,2011,2012-01-28,Augsburg,Kaiserslautern,2,2,D,partly-cloudy-day
137,1229,D1,2011,2012-05-05,Hannover,Kaiserslautern,2,1,H,rain
138,1230,D1,2011,2012-02-25,Mainz,Kaiserslautern,4,0,H,partly-cloudy-day
139,1231,D1,2011,2011-10-30,Hamburg,Kaiserslautern,1,1,D,rain
140,1232,D1,2011,2011-10-15,Schalke 04,Kaiserslautern,1,2,A,clear-day
141,1233,D1,2011,2011-12-11,Dortmund,Kaiserslautern,1,1,D,partly-cloudy-day
142,1234,D1,2011,2012-04-11,Leverkusen,Kaiserslautern,3,1,H,partly-cloudy-day
143,1235,D1,2011,2012-02-11,Bayern Munich,Kaiserslautern,2,0,H,partly-cloudy-day
144,1236,D1,2011,2011-09-10,M'gladbach,Kaiserslautern,1,0,H,rain
145,1237,D1,2011,2011-08-06,Werder Bremen,Kaiserslautern,2,0,H,rain
146,1238,D1,2011,2011-11-05,Hoffenheim,Kaiserslautern,1,1,D,rain
147,1239,D1,2011,2011-08-20,FC Koln,Kaiserslautern,1,1,D,clear-day
148,1240,D1,2011,2011-11-26,Nurnberg,Kaiserslautern,1,0,H,rain
149,1241,D1,2011,2012-03-09,Stuttgart,Kaiserslautern,0,0,D,partly-cloudy-day
150,1242,D1,2011,2011-09-24,Wolfsburg,Kaiserslautern,1,0,H,clear-day
151,1243,D1,2011,2012-03-24,Freiburg,Kaiserslautern,2,0,H,clear-day
152,1244,D1,2011,2012-04-21,Hertha,Kaiserslautern,1,2,A,partly-cloudy-day
153,1245,D2,2011,2011-10-15,Union Berlin,Karlsruhe,2,0,H,clear-day
154,1246,D2,2011,2011-11-18,Paderborn,Karlsruhe,2,1,H,rain
155,1247,D2,2011,2012-04-29,Aachen,Karlsruhe,1,0,H,clear-day
156,1248,D2,2011,2011-09-25,Hansa Rostock,Karlsruhe,1,1,D,clear-day
157,1249,D2,2011,2011-12-09,Duisburg,Karlsruhe,3,1,H,rain
158,1250,D2,2011,2011-12-03,Ein Frankfurt,Karlsruhe,2,0,H,rain
159,1251,D2,2011,2012-04-15,Ingolstadt,Karlsruhe,2,1,H,partly-cloudy-day
160,1252,D2,2011,2012-04-08,Bochum,Karlsruhe,0,0,D,clear-day
161,1253,D2,2011,2012-02-11,Braunschweig,Karlsruhe,0,0,D,partly-cloudy-day
162,1254,D2,2011,2011-10-29,Dresden,Karlsruhe,5,1,H,clear-day
163,1255,D2,2011,2011-09-10,Fortuna Dusseldorf,Karlsruhe,4,2,H,rain
164,1256,D2,2011,2012-03-12,St Pauli,Karlsruhe,1,0,H,rain
165,1257,D2,2011,2011-08-21,Cottbus,Karlsruhe,2,0,H,clear-day
166,1258,D2,2011,2012-02-26,Frankfurt FSV,Karlsruhe,2,1,H,partly-cloudy-day
167,1259,D2,2011,2012-03-24,Greuther Furth,Karlsruhe,3,0,H,clear-day
168,1260,D2,2011,2011-08-07,Erzgebirge Aue,Karlsruhe,0,2,A,rain
169,1261,D2,2011,2011-07-23,Munich 1860,Karlsruhe,2,1,H,rain
170,1262,D1,2011,2011-09-24,Bayern Munich,Leverkusen,3,0,H,clear-day
171,1263,D1,2011,2011-11-26,Hertha,Leverkusen,3,3,D,rain
172,1264,D1,2011,2012-03-24,Schalke 04,Leverkusen,2,0,H,clear-day
173,1265,D1,2011,2011-11-18,Kaiserslautern,Leverkusen,0,2,A,rain
174,1266,D1,2011,2012-04-21,Hoffenheim,Leverkusen,0,1,A,partly-cloudy-day
175,1267,D1,2011,2012-04-08,Hamburg,Leverkusen,1,1,D,clear-day
176,1268,D1,2011,2012-02-11,Dortmund,Leverkusen,1,0,H,partly-cloudy-day
177,1269,D1,2011,2012-02-25,FC Koln,Leverkusen,0,2,A,partly-cloudy-day
178,1270,D1,2011,2012-05-05,Nurnberg,Leverkusen,1,4,A,rain
179,1271,D1,2011,2012-03-10,Wolfsburg,Leverkusen,3,2,H,partly-cloudy-day
180,1272,D1,2011,2012-01-28,Werder Bremen,Leverkusen,1,1,D,partly-cloudy-day
181,1273,D1,2011,2011-09-09,Augsburg,Leverkusen,1,4,A,rain
182,1274,D1,2011,2011-10-15,M'gladbach,Leverkusen,2,2,D,clear-day
183,1275,D1,2011,2011-12-10,Hannover,Leverkusen,0,0,D,rain
184,1276,D1,2011,2011-08-07,Mainz,Leverkusen,2,0,H,rain
185,1277,D1,2011,2011-10-28,Freiburg,Leverkusen,0,1,A,partly-cloudy-day
186,1278,D1,2011,2011-08-20,Stuttgart,Leverkusen,0,1,A,clear-day
187,1279,D1,2011,2012-04-14,Kaiserslautern,Nurnberg,0,2,A,clear-day
188,1280,D1,2011,2012-01-27,Hannover,Nurnberg,1,0,H,partly-cloudy-day
189,1281,D1,2011,2012-03-10,Mainz,Nurnberg,2,1,H,partly-cloudy-day
190,1282,D1,2011,2012-02-25,Werder Bremen,Nurnberg,0,1,A,partly-cloudy-day
191,1283,D1,2011,2012-04-28,Hoffenheim,Nurnberg,2,3,A,clear-day
192,1284,D1,2011,2011-12-17,Leverkusen,Nurnberg,0,3,A,rain
193,1285,D1,2011,2011-10-15,Wolfsburg,Nurnberg,2,1,H,clear-day
194,1286,D1,2011,2012-02-12,Augsburg,Nurnberg,0,0,D,partly-cloudy-day
195,1287,D1,2011,2012-03-25,Stuttgart,Nurnberg,1,0,H,partly-cloudy-day
196,1288,D1,2011,2011-12-04,Hamburg,Nurnberg,2,0,H,partly-cloudy-day
197,1289,D1,2011,2011-11-19,Schalke 04,Nurnberg,4,0,H,partly-cloudy-day
198,1290,D1,2011,2011-09-11,FC Koln,Nurnberg,1,2,A,rain
199,1291,D1,2011,2012-04-07,Freiburg,Nurnberg,2,2,D,partly-cloudy-day
200,1292,D1,2011,2011-08-06,Hertha,Nurnberg,0,1,A,rain
201,1293,D1,2011,2011-10-29,Bayern Munich,Nurnberg,4,0,H,clear-day
202,1294,D1,2011,2011-09-24,M'gladbach,Nurnberg,1,0,H,clear-day
203,1295,D1,2011,2011-08-20,Dortmund,Nurnberg,2,0,H,clear-day
204,1296,D1,2011,2012-04-01,Hoffenheim,Schalke 04,1,1,D,partly-cloudy-day
205,1297,D1,2011,2012-04-11,Nurnberg,Schalke 04,4,1,H,partly-cloudy-day
206,1298,D1,2011,2011-09-11,Wolfsburg,Schalke 04,2,1,H,rain
207,1299,D1,2011,2012-01-28,FC Koln,Schalke 04,1,4,A,partly-cloudy-day
208,1300,D1,2011,2011-11-06,Hannover,Schalke 04,2,2,D,rain
209,1301,D1,2011,2012-05-05,Werder Bremen,Schalke 04,2,3,A,rain
210,1302,D1,2011,2012-03-03,Freiburg,Schalke 04,2,1,H,clear-day
211,1303,D1,2011,2011-12-09,Hertha,Schalke 04,1,2,A,rain
212,1304,D1,2011,2011-11-26,Dortmund,Schalke 04,2,0,H,rain
213,1305,D1,2011,2011-10-23,Leverkusen,Schalke 04,0,1,A,rain
214,1306,D1,2011,2012-03-18,Kaiserslautern,Schalke 04,1,4,A,partly-cloudy-day
215,1307,D1,2011,2012-04-22,Augsburg,Schalke 04,1,1,D,partly-cloudy-day
216,1308,D1,2011,2012-02-11,M'gladbach,Schalke 04,3,0,H,partly-cloudy-day
217,1309,D1,2011,2011-10-02,Hamburg,Schalke 04,1,2,A,clear-day
218,1310,D1,2011,2012-02-26,Bayern Munich,Schalke 04,2,0,H,partly-cloudy-day
219,1311,D1,2011,2011-08-06,Stuttgart,Schalke 04,3,0,H,rain
220,1312,D1,2011,2011-08-21,Mainz,Schalke 04,2,4,A,clear-day
221,1313,D1,2011,2011-12-17,Wolfsburg,Stuttgart,1,0,H,rain
222,1314,D1,2011,2011-11-04,Mainz,Stuttgart,3,1,H,clear-day
223,1315,D1,2011,2012-01-21,Schalke 04,Stuttgart,3,1,H,partly-cloudy-day
224,1316,D1,2011,2011-08-26,Hertha,Stuttgart,1,0,H,rain
225,1317,D1,2011,2012-03-30,Dortmund,Stuttgart,4,4,D,partly-cloudy-day
226,1318,D1,2011,2012-02-04,Leverkusen,Stuttgart,2,2,D,partly-cloudy-day
227,1319,D1,2011,2011-09-30,Kaiserslautern,Stuttgart,0,2,A,clear-day
228,1320,D1,2011,2011-10-22,Nurnberg,Stuttgart,2,2,D,clear-day
229,1321,D1,2011,2012-03-16,Hoffenheim,Stuttgart,1,2,A,clear-day
230,1322,D1,2011,2012-04-10,Augsburg,Stuttgart,1,3,A,partly-cloudy-day
231,1323,D1,2011,2012-03-03,Hamburg,Stuttgart,0,4,A,clear-day
232,1324,D1,2011,2012-04-28,Bayern Munich,Stuttgart,2,0,H,clear-day
233,1325,D1,2011,2011-08-13,M'gladbach,Stuttgart,1,1,D,partly-cloudy-day
234,1326,D1,2011,2012-02-19,Hannover,Stuttgart,4,2,H,rain
235,1327,D1,2011,2011-09-16,Freiburg,Stuttgart,1,2,A,partly-cloudy-day
236,1328,D1,2011,2012-04-21,FC Koln,Stuttgart,1,1,D,partly-cloudy-day
237,1329,D1,2011,2011-11-27,Werder Bremen,Stuttgart,2,0,H,partly-cloudy-day
238,1330,D1,2011,2011-11-19,M'gladbach,Werder Bremen,5,0,H,partly-cloudy-day
239,1331,D1,2011,2011-10-02,Hannover,Werder Bremen,3,2,H,clear-day
240,1332,D1,2011,2012-04-07,FC Koln,Werder Bremen,1,1,D,partly-cloudy-day
241,1333,D1,2011,2012-03-17,Dortmund,Werder Bremen,1,0,H,clear-day
242,1334,D1,2011,2012-04-13,Stuttgart,Werder Bremen,4,1,H,partly-cloudy-day
243,1335,D1,2011,2011-12-03,Bayern Munich,Werder Bremen,4,1,H,rain
244,1336,D1,2011,2012-03-03,Hertha,Werder Bremen,1,0,H,clear-day
245,1337,D1,2011,2012-01-21,Kaiserslautern,Werder Bremen,0,0,D,partly-cloudy-day
246,1338,D1,2011,2012-04-28,Wolfsburg,Werder Bremen,3,1,H,clear-day
247,1339,D1,2011,2012-02-05,Freiburg,Werder Bremen,2,2,D,partly-cloudy-day
248,1340,D1,2011,2011-09-17,Nurnberg,Werder Bremen,1,1,D,partly-cloudy-day
249,1341,D1,2011,2012-02-18,Hamburg,Werder Bremen,1,3,A,partly-cloudy-day
250,1342,D1,2011,2011-10-21,Augsburg,Werder Bremen,1,1,D,partly-cloudy-day
251,1343,D1,2011,2011-08-14,Leverkusen,Werder Bremen,1,0,H,rain
252,1344,D1,2011,2011-10-29,Mainz,Werder Bremen,1,3,A,clear-day
253,1345,D1,2011,2011-08-27,Hoffenheim,Werder Bremen,1,2,A,rain
254,1346,D1,2011,2011-12-17,Schalke 04,Werder Bremen,5,0,H,rain
255,1347,D2,2011,2011-11-27,Braunschweig,Bochum,4,0,H,partly-cloudy-day
256,1348,D2,2011,2012-04-11,Aachen,Bochum,2,0,H,partly-cloudy-day
257,1349,D2,2011,2011-09-12,Dresden,Bochum,2,1,H,rain
258,1350,D2,2011,2012-03-30,Ein Frankfurt,Bochum,3,0,H,partly-cloudy-day
259,1351,D2,2011,2011-12-17,Frankfurt FSV,Bochum,0,2,A,rain
260,1352,D2,2011,2011-10-21,Karlsruhe,Bochum,0,0,D,partly-cloudy-day
261,1353,D2,2011,2012-02-12,St Pauli,Bochum,2,1,H,partly-cloudy-day
262,1354,D2,2011,2011-08-20,Union Berlin,Bochum,2,1,H,clear-day
263,1355,D2,2011,2012-03-09,Paderborn,Bochum,0,0,D,partly-cloudy-day
264,1356,D2,2011,2012-05-06,Erzgebirge Aue,Bochum,2,1,H,rain
265,1357,D2,2011,2011-11-05,Munich 1860,Bochum,1,3,A,rain
266,1358,D2,2011,2012-03-18,Duisburg,Bochum,2,1,H,partly-cloudy-day
267,1359,D2,2011,2012-04-20,Cottbus,Bochum,1,1,D,partly-cloudy-day
268,1360,D2,2011,2011-07-18,Fortuna Dusseldorf,Bochum,2,0,H,rain
269,1361,D2,2011,2012-02-25,Greuther Furth,Bochum,6,2,H,partly-cloudy-day
270,1362,D2,2011,2011-08-08,Hansa Rostock,Bochum,0,0,D,rain
271,1363,D2,2011,2011-10-01,Ingolstadt,Bochum,3,5,A,clear-day
272,1364,D1,2011,2012-03-24,Bayern Munich,Hannover,2,1,H,clear-day
273,1365,D1,2011,2011-11-19,Wolfsburg,Hannover,4,1,H,partly-cloudy-day
274,1366,D1,2011,2012-04-14,Hamburg,Hannover,1,0,H,clear-day
275,1367,D1,2011,2011-10-16,FC Koln,Hannover,2,0,H,rain
276,1368,D1,2011,2011-09-24,Augsburg,Hannover,0,0,D,clear-day
277,1369,D1,2011,2012-04-08,Schalke 04,Hannover,3,0,H,clear-day
278,1370,D1,2011,2011-12-18,Kaiserslautern,Hannover,1,1,D,rain
279,1371,D1,2011,2011-08-13,Nurnberg,Hannover,1,2,A,partly-cloudy-day
280,1372,D1,2011,2012-04-28,Leverkusen,Hannover,1,0,H,clear-day
281,1373,D1,2011,2012-02-26,Dortmund,Hannover,3,1,H,partly-cloudy-day
282,1374,D1,2011,2012-02-11,Mainz,Hannover,1,1,D,partly-cloudy-day
283,1375,D1,2011,2012-01-21,Hoffenheim,Hannover,0,0,D,partly-cloudy-day
284,1376,D1,2011,2012-03-11,Werder Bremen,Hannover,3,0,H,partly-cloudy-day
285,1377,D1,2011,2012-02-04,Hertha,Hannover,0,1,A,partly-cloudy-day
286,1378,D1,2011,2011-10-29,M'gladbach,Hannover,2,1,H,clear-day
287,1379,D1,2011,2011-09-10,Stuttgart,Hannover,3,0,H,rain
288,1380,D1,2011,2011-12-03,Freiburg,Hannover,1,1,D,rain
289,1381,D2,2011,2011-10-21,Fortuna Dusseldorf,Hansa Rostock,2,0,H,partly-cloudy-day
290,1382,D2,2011,2011-09-30,Erzgebirge Aue,Hansa Rostock,1,0,H,clear-day
291,1383,D2,2011,2012-03-18,Karlsruhe,Hansa Rostock,2,2,D,partly-cloudy-day
292,1384,D2,2011,2012-02-05,Bochum,Hansa Rostock,2,1,H,partly-cloudy-day
293,1385,D2,2011,2011-08-14,Duisburg,Hansa Rostock,0,0,D,rain
294,1386,D2,2011,2012-02-19,Aachen,Hansa Rostock,0,0,D,rain
295,1387,D2,2011,2011-12-09,Paderborn,Hansa Rostock,2,0,H,rain
296,1388,D2,2011,2012-03-04,Braunschweig,Hansa Rostock,3,2,H,clear-day
297,1389,D2,2011,2012-04-29,Union Berlin,Hansa Rostock,5,4,H,clear-day
298,1390,D2,2011,2011-07-24,Dresden,Hansa Rostock,1,1,D,partly-cloudy-day
299,1391,D2,2011,2011-11-06,Frankfurt FSV,Hansa Rostock,0,0,D,rain
300,1392,D2,2011,2012-04-10,Cottbus,Hansa Rostock,0,1,A,partly-cloudy-day
301,1393,D2,2011,2011-09-16,Ein Frankfurt,Hansa Rostock,4,1,H,partly-cloudy-day
302,1394,D2,2011,2011-08-26,Ingolstadt,Hansa Rostock,3,1,H,rain
303,1395,D2,2011,2011-12-03,Greuther Furth,Hansa Rostock,3,0,H,rain
304,1396,D2,2011,2012-03-31,Munich 1860,Hansa Rostock,0,1,A,rain
305,1397,D2,2011,2012-04-22,St Pauli,Hansa Rostock,3,0,H,partly-cloudy-day
306,1398,D1,2011,2011-09-25,Werder Bremen,Hertha,2,1,H,clear-day
307,1399,D1,2011,2012-01-21,Nurnberg,Hertha,2,0,H,partly-cloudy-day
308,1400,D1,2011,2011-11-19,Freiburg,Hertha,2,2,D,partly-cloudy-day
309,1401,D1,2011,2011-10-15,Bayern Munich,Hertha,4,0,H,clear-day
310,1402,D1,2011,2012-04-07,M'gladbach,Hertha,0,0,D,partly-cloudy-day
311,1403,D1,2011,2011-10-29,Wolfsburg,Hertha,2,3,A,clear-day
312,1404,D1,2011,2011-08-21,Hannover,Hertha,1,1,D,clear-day
313,1405,D1,2011,2011-08-13,Hamburg,Hertha,2,2,D,partly-cloudy-day
314,1406,D1,2011,2012-02-11,Stuttgart,Hertha,5,0,H,partly-cloudy-day
315,1407,D1,2011,2011-09-10,Dortmund,Hertha,1,2,A,rain
316,1408,D1,2011,2012-02-25,Augsburg,Hertha,3,0,H,partly-cloudy-day
317,1409,D1,2011,2012-04-28,Schalke 04,Hertha,4,0,H,clear-day
318,1410,D1,2011,2012-04-14,Leverkusen,Hertha,3,3,D,clear-day
319,1411,D1,2011,2011-12-03,Kaiserslautern,Hertha,1,1,D,rain
320,1412,D1,2011,2012-03-24,Mainz,Hertha,1,3,A,clear-day
321,1413,D1,2011,2012-03-10,FC Koln,Hertha,1,0,H,partly-cloudy-day
322,1414,D1,2011,2011-12-17,Hoffenheim,Hertha,1,1,D,rain
323,1415,D1,2011,2012-03-17,Augsburg,Mainz,2,1,H,clear-day
324,1416,D1,2011,2011-10-01,Nurnberg,Mainz,3,3,D,clear-day
325,1417,D1,2011,2011-08-13,Freiburg,Mainz,1,2,A,partly-cloudy-day
326,1418,D1,2011,2012-04-28,Hamburg,Mainz,0,0,D,clear-day
327,1419,D1,2011,2012-02-17,Hoffenheim,Mainz,1,1,D,rain
328,1420,D1,2011,2012-03-31,Werder Bremen,Mainz,0,3,A,rain
329,1421,D1,2011,2011-12-18,M'gladbach,Mainz,1,0,H,rain
330,1422,D1,2011,2012-01-22,Leverkusen,Mainz,3,2,H,rain
331,1423,D1,2011,2012-04-07,Stuttgart,Mainz,4,1,H,partly-cloudy-day
332,1424,D1,2011,2011-12-13,FC Koln,Mainz,1,1,D,rain
333,1425,D1,2011,2012-03-03,Dortmund,Mainz,2,1,H,clear-day
334,1426,D1,2011,2011-10-22,Hertha,Mainz,0,0,D,clear-day
335,1427,D1,2011,2011-08-28,Hannover,Mainz,1,1,D,partly-cloudy-day
336,1428,D1,2011,2012-04-14,Bayern Munich,Mainz,0,0,D,clear-day
337,1429,D1,2011,2011-12-03,Wolfsburg,Mainz,2,2,D,rain
338,1430,D1,2011,2011-09-17,Kaiserslautern,Mainz,3,1,H,partly-cloudy-day
339,1431,D1,2011,2012-02-04,Schalke 04,Mainz,1,1,D,partly-cloudy-day
340,1432,D2,2011,2012-04-29,Ein Frankfurt,Munich 1860,0,2,A,clear-day
341,1433,D2,2011,2011-08-06,Cottbus,Munich 1860,0,5,A,rain
342,1434,D2,2011,2012-04-15,Bochum,Munich 1860,2,2,D,partly-cloudy-day
343,1435,D2,2011,2012-03-23,Dresden,Munich 1860,0,1,A,partly-cloudy-day
344,1436,D2,2011,2011-10-14,Hansa Rostock,Munich 1860,2,0,H,partly-cloudy-day
345,1437,D2,2011,2011-09-25,Greuther Furth,Munich 1860,2,0,H,clear-day
346,1438,D2,2011,2011-10-30,Duisburg,Munich 1860,0,3,A,rain
347,1439,D2,2011,2011-08-19,Fortuna Dusseldorf,Munich 1860,3,1,H,rain
348,1440,D2,2011,2012-03-14,Erzgebirge Aue,Munich 1860,0,0,D,partly-cloudy-day
349,1441,D2,2011,2011-12-17,Karlsruhe,Munich 1860,1,3,A,rain
350,1442,D2,2011,2011-07-17,Braunschweig,Munich 1860,3,1,H,rain
351,1443,D2,2011,2012-03-10,Frankfurt FSV,Munich 1860,3,1,H,partly-cloudy-day
352,1444,D2,2011,2012-04-08,Paderborn,Munich 1860,2,2,D,clear-day
353,1445,D2,2011,2012-02-24,Union Berlin,Munich 1860,0,1,A,rain
354,1446,D2,2011,2011-12-04,Aachen,Munich 1860,2,2,D,partly-cloudy-day
355,1447,D2,2011,2011-11-18,Ingolstadt,Munich 1860,0,1,A,rain
356,1448,D2,2011,2011-09-11,St Pauli,Munich 1860,4,2,H,rain
357,1449,D2,2011,2011-08-12,Bochum,St Pauli,1,2,A,rain
358,1450,D2,2011,2012-04-13,Greuther Furth,St Pauli,2,1,H,partly-cloudy-day
359,1451,D2,2011,2012-03-18,Erzgebirge Aue,St Pauli,2,1,H,partly-cloudy-day
360,1452,D2,2011,2012-03-05,Munich 1860,St Pauli,1,1,D,clear-day
361,1453,D2,2011,2011-12-02,Paderborn,St Pauli,1,1,D,rain
362,1454,D2,2011,2011-10-01,Cottbus,St Pauli,1,4,A,clear-day
363,1455,D2,2011,2012-04-07,Frankfurt FSV,St Pauli,3,3,D,partly-cloudy-day
364,1456,D2,2011,2011-12-11,Ingolstadt,St Pauli,1,0,H,partly-cloudy-day
365,1457,D2,2011,2012-02-17,Duisburg,St Pauli,0,1,A,rain
366,1458,D2,2011,2011-09-19,Karlsruhe,St Pauli,0,2,A,rain
367,1459,D2,2011,2011-10-28,Union Berlin,St Pauli,0,2,A,partly-cloudy-day
368,1460,D2,2011,2012-04-29,Dresden,St Pauli,1,0,H,clear-day
369,1461,D2,2011,2011-11-19,Hansa Rostock,St Pauli,1,3,A,partly-cloudy-day
370,1462,D2,2011,2011-08-28,Braunschweig,St Pauli,1,0,H,partly-cloudy-day
371,1463,D2,2011,2011-07-25,Ein Frankfurt,St Pauli,1,1,D,partly-cloudy-day
372,1464,D2,2011,2012-04-02,Fortuna Dusseldorf,St Pauli,0,0,D,rain
373,1465,D2,2011,2012-02-04,Aachen,St Pauli,2,1,H,partly-cloudy-day
374,1466,D1,2011,2011-08-06,FC Koln,Wolfsburg,0,3,A,rain
375,1467,D1,2011,2012-03-03,Kaiserslautern,Wolfsburg,0,0,D,clear-day
376,1468,D1,2011,2011-11-05,Dortmund,Wolfsburg,5,1,H,rain
377,1469,D1,2011,2011-10-01,Leverkusen,Wolfsburg,3,1,H,clear-day
378,1470,D1,2011,2011-10-22,Hamburg,Wolfsburg,1,1,D,clear-day
379,1471,D1,2011,2011-12-10,Werder Bremen,Wolfsburg,4,1,H,rain
380,1472,D1,2011,2012-02-19,Schalke 04,Wolfsburg,4,0,H,rain
381,1473,D1,2011,2011-11-26,Augsburg,Wolfsburg,2,0,H,rain
382,1474,D1,2011,2012-05-05,Stuttgart,Wolfsburg,3,2,H,rain
383,1475,D1,2011,2012-03-31,Hertha,Wolfsburg,1,4,A,rain
384,1476,D1,2011,2012-04-20,Mainz,Wolfsburg,0,0,D,partly-cloudy-day
385,1477,D1,2011,2011-08-19,M'gladbach,Wolfsburg,4,1,H,rain
386,1478,D1,2011,2012-03-17,Nurnberg,Wolfsburg,1,3,A,clear-day
387,1479,D1,2011,2011-09-17,Hoffenheim,Wolfsburg,3,1,H,partly-cloudy-day
388,1480,D1,2011,2012-04-11,Hannover,Wolfsburg,2,0,H,partly-cloudy-day
389,1481,D1,2011,2012-01-28,Bayern Munich,Wolfsburg,2,0,H,partly-cloudy-day
390,1482,D1,2011,2011-08-27,Freiburg,Wolfsburg,3,0,H,rain
391,1483,D1,2011,2012-03-17,Leverkusen,M'gladbach,1,2,A,clear-day
392,1484,D1,2011,2011-10-22,Hoffenheim,M'gladbach,1,0,H,clear-day
393,1485,D1,2011,2012-05-05,Mainz,M'gladbach,0,3,A,rain
394,1486,D1,2011,2011-08-28,Schalke 04,M'gladbach,1,0,H,partly-cloudy-day
395,1487,D1,2011,2012-02-18,Kaiserslautern,M'gladbach,1,2,A,partly-cloudy-day
396,1488,D1,2011,2011-09-17,Hamburg,M'gladbach,0,1,A,partly-cloudy-day
397,1489,D1,2011,2012-02-04,Wolfsburg,M'gladbach,0,0,D,partly-cloudy-day
398,1490,D1,2011,2012-04-01,Hannover,M'gladbach,2,1,H,partly-cloudy-day
399,1491,D1,2011,2011-08-07,Bayern Munich,M'gladbach,0,1,A,rain
400,1492,D1,2011,2012-04-21,Dortmund,M'gladbach,2,0,H,partly-cloudy-day
401,1493,D1,2011,2011-12-10,Augsburg,M'gladbach,1,0,H,rain
402,1494,D1,2011,2012-04-10,Werder Bremen,M'gladbach,2,2,D,partly-cloudy-day
403,1495,D1,2011,2012-03-04,Nurnberg,M'gladbach,1,0,H,clear-day
404,1496,D1,2011,2012-01-29,Stuttgart,M'gladbach,0,3,A,clear-day
405,1497,D1,2011,2011-11-05,Hertha,M'gladbach,1,2,A,rain
406,1498,D1,2011,2011-11-25,FC Koln,M'gladbach,0,3,A,rain
407,1499,D1,2011,2011-10-01,Freiburg,M'gladbach,1,0,H,clear-day
408,1500,D2,2011,2012-02-06,Munich 1860,Cottbus,2,0,H,clear-day
409,1501,D2,2011,2011-12-11,Dresden,Cottbus,2,1,H,partly-cloudy-day
410,1502,D2,2011,2011-10-28,Hansa Rostock,Cottbus,1,1,D,partly-cloudy-day
411,1503,D2,2011,2012-04-15,Paderborn,Cottbus,3,1,H,partly-cloudy-day
412,1504,D2,2011,2011-11-21,Bochum,Cottbus,0,1,A,clear-day
413,1505,D2,2011,2011-07-22,Duisburg,Cottbus,1,2,A,rain
414,1506,D2,2011,2012-03-04,Ein Frankfurt,Cottbus,1,0,H,clear-day
415,1507,D2,2011,2011-08-13,Aachen,Cottbus,0,2,A,partly-cloudy-day
416,1508,D2,2011,2011-08-29,Erzgebirge Aue,Cottbus,0,0,D,rain
417,1509,D2,2011,2012-04-05,Greuther Furth,Cottbus,3,0,H,partly-cloudy-day
418,1510,D2,2011,2012-02-17,Karlsruhe,Cottbus,2,0,H,rain
419,1511,D2,2011,2012-03-25,St Pauli,Cottbus,0,0,D,partly-cloudy-day
420,1512,D2,2011,2011-10-16,Frankfurt FSV,Cottbus,0,1,A,rain
421,1513,D2,2011,2011-12-02,Union Berlin,Cottbus,1,0,H,rain
422,1514,D2,2011,2012-04-29,Ingolstadt,Cottbus,1,0,H,clear-day
423,1515,D2,2011,2011-09-17,Braunschweig,Cottbus,3,1,H,partly-cloudy-day
424,1516,D2,2011,2011-09-24,Fortuna Dusseldorf,Cottbus,4,2,H,clear-day
425,1517,D2,2011,2011-08-13,Paderborn,Greuther Furth,0,1,A,partly-cloudy-day
426,1518,D2,2011,2012-04-20,Frankfurt FSV,Greuther Furth,1,1,D,partly-cloudy-day
427,1519,D2,2011,2012-02-03,Dresden,Greuther Furth,3,1,H,partly-cloudy-day
428,1520,D2,2011,2012-04-10,Braunschweig,Greuther Furth,0,0,D,partly-cloudy-day
429,1521,D2,2011,2011-11-28,Fortuna Dusseldorf,Greuther Furth,2,1,H,partly-cloudy-day
430,1522,D2,2011,2012-03-02,Duisburg,Greuther Furth,0,2,A,partly-cloudy-day
431,1523,D2,2011,2011-08-26,Bochum,Greuther Furth,1,4,A,rain
432,1524,D2,2011,2012-03-31,Erzgebirge Aue,Greuther Furth,1,1,D,rain
433,1525,D2,2011,2011-07-23,Union Berlin,Greuther Furth,0,4,A,rain
434,1526,D2,2011,2011-10-22,Cottbus,Greuther Furth,0,2,A,clear-day
435,1527,D2,2011,2011-11-05,St Pauli,Greuther Furth,2,2,D,rain
436,1528,D2,2011,2012-05-06,Hansa Rostock,Greuther Furth,2,2,D,rain
437,1529,D2,2011,2011-09-18,Aachen,Greuther Furth,0,0,D,rain
438,1530,D2,2011,2011-10-02,Karlsruhe,Greuther Furth,2,2,D,clear-day
439,1531,D2,2011,2012-02-19,Ingolstadt,Greuther Furth,0,0,D,rain
440,1532,D2,2011,2011-12-12,Ein Frankfurt,Greuther Furth,0,0,D,rain
441,1533,D2,2011,2012-03-17,Munich 1860,Greuther Furth,1,4,A,clear-day
442,1534,D2,2011,2011-11-20,Ein Frankfurt,Aachen,4,3,H,clear-day
443,1535,D2,2011,2011-08-19,Hansa Rostock,Aachen,0,0,D,rain
444,1536,D2,2011,2012-03-23,Frankfurt FSV,Aachen,2,1,H,partly-cloudy-day
445,1537,D2,2011,2011-09-09,Paderborn,Aachen,0,0,D,rain
446,1538,D2,2011,2012-04-14,Duisburg,Aachen,2,0,H,clear-day
447,1539,D2,2011,2011-10-16,Dresden,Aachen,1,1,D,rain
448,1540,D2,2011,2012-05-06,Munich 1860,Aachen,1,2,A,rain
449,1541,D2,2011,2011-12-18,Braunschweig,Aachen,1,1,D,rain
450,1542,D2,2011,2012-02-10,Cottbus,Aachen,1,1,D,partly-cloudy-day
451,1543,D2,2011,2011-09-24,Union Berlin,Aachen,2,0,H,clear-day
452,1544,D2,2011,2012-02-27,Fortuna Dusseldorf,Aachen,0,0,D,rain
453,1545,D2,2011,2011-08-05,St Pauli,Aachen,3,1,H,rain
454,1546,D2,2011,2012-03-09,Greuther Furth,Aachen,1,0,H,partly-cloudy-day
455,1547,D2,2011,2012-04-08,Ingolstadt,Aachen,3,3,D,clear-day
456,1548,D2,2011,2011-10-28,Bochum,Aachen,1,0,H,partly-cloudy-day
457,1549,D2,2011,2011-11-26,Karlsruhe,Aachen,0,2,A,rain
458,1550,D2,2011,2011-07-16,Erzgebirge Aue,Aachen,1,0,H,clear-day
459,1551,D2,2011,2011-07-15,Frankfurt FSV,Union Berlin,1,1,D,partly-cloudy-day
460,1552,D2,2011,2012-05-06,Cottbus,Union Berlin,2,1,H,rain
461,1553,D2,2011,2011-11-25,Hansa Rostock,Union Berlin,2,5,A,rain
462,1554,D2,2011,2011-09-17,Duisburg,Union Berlin,1,1,D,partly-cloudy-day
463,1555,D2,2011,2012-03-02,Ingolstadt,Union Berlin,3,3,D,partly-cloudy-day
464,1556,D2,2011,2012-02-03,Paderborn,Union Berlin,3,2,H,partly-cloudy-day
465,1557,D2,2011,2012-03-16,Aachen,Union Berlin,1,3,A,clear-day
466,1558,D2,2011,2011-10-23,Erzgebirge Aue,Union Berlin,1,1,D,rain
467,1559,D2,2011,2012-04-01,Karlsruhe,Union Berlin,2,0,H,partly-cloudy-day
468,1560,D2,2011,2012-02-18,Bochum,Union Berlin,4,2,H,partly-cloudy-day
469,1561,D2,2011,2012-04-22,Fortuna Dusseldorf,Union Berlin,2,1,H,partly-cloudy-day
470,1562,D2,2011,2011-11-04,Braunschweig,Union Berlin,1,2,A,clear-day
471,1563,D2,2011,2011-08-12,Dresden,Union Berlin,4,0,H,rain
472,1564,D2,2011,2011-12-16,Greuther Furth,Union Berlin,5,0,H,rain
473,1565,D2,2011,2011-09-30,Ein Frankfurt,Union Berlin,3,1,H,clear-day
474,1566,D2,2011,2011-08-28,Munich 1860,Union Berlin,3,1,H,partly-cloudy-day
475,1567,D2,2011,2012-04-10,St Pauli,Union Berlin,2,1,H,partly-cloudy-day
476,1568,D2,2011,2011-11-18,Duisburg,Braunschweig,3,0,H,rain
477,1569,D2,2011,2012-04-29,Bochum,Braunschweig,2,0,H,clear-day
478,1570,D2,2011,2012-04-07,Dresden,Braunschweig,2,2,D,partly-cloudy-day
479,1571,D2,2011,2011-09-23,Frankfurt FSV,Braunschweig,1,1,D,partly-cloudy-day
480,1572,D2,2011,2011-10-14,Paderborn,Braunschweig,1,0,H,partly-cloudy-day
481,1573,D2,2011,2012-03-24,Fortuna Dusseldorf,Braunschweig,1,1,D,clear-day
482,1574,D2,2011,2011-07-24,Aachen,Braunschweig,0,2,A,partly-cloudy-day
483,1575,D2,2011,2012-02-26,St Pauli,Braunschweig,0,0,D,partly-cloudy-day
484,1576,D2,2011,2012-03-11,Cottbus,Braunschweig,1,1,D,partly-cloudy-day
485,1577,D2,2011,2011-10-31,Greuther Furth,Braunschweig,1,3,A,partly-cloudy-day
486,1578,D2,2011,2011-12-09,Munich 1860,Braunschweig,3,0,H,rain
487,1579,D2,2011,2011-09-09,Hansa Rostock,Braunschweig,0,0,D,rain
488,1580,D2,2011,2012-02-05,Ein Frankfurt,Braunschweig,2,1,H,partly-cloudy-day
489,1581,D2,2011,2012-04-13,Union Berlin,Braunschweig,1,0,H,partly-cloudy-day
490,1582,D2,2011,2011-12-02,Ingolstadt,Braunschweig,0,1,A,rain
491,1583,D2,2011,2012-02-20,Erzgebirge Aue,Braunschweig,1,1,D,partly-cloudy-day
492,1584,D2,2011,2011-08-12,Karlsruhe,Braunschweig,1,3,A,rain
493,1585,D2,2011,2012-04-05,Union Berlin,Erzgebirge Aue,1,0,H,partly-cloudy-day
494,1586,D2,2011,2011-12-04,Bochum,Erzgebirge Aue,6,0,H,partly-cloudy-day
495,1587,D2,2011,2011-09-11,Frankfurt FSV,Erzgebirge Aue,1,1,D,rain
496,1588,D2,2011,2012-03-25,Hansa Rostock,Erzgebirge Aue,0,1,A,partly-cloudy-day
497,1589,D2,2011,2011-09-23,St Pauli,Erzgebirge Aue,2,3,A,partly-cloudy-day
498,1590,D2,2011,2011-08-14,Munich 1860,Erzgebirge Aue,4,0,H,rain
499,1591,D2,2011,2011-10-16,Greuther Furth,Erzgebirge Aue,2,0,H,rain
500,1592,D2,2011,2011-10-29,Paderborn,Erzgebirge Aue,1,0,H,clear-day
501,1593,D2,2011,2012-04-29,Duisburg,Erzgebirge Aue,2,1,H,clear-day
502,1594,D2,2011,2012-04-14,Ein Frankfurt,Erzgebirge Aue,4,0,H,clear-day
503,1595,D2,2011,2011-12-11,Aachen,Erzgebirge Aue,1,1,D,partly-cloudy-day
504,1596,D2,2011,2011-07-22,Ingolstadt,Erzgebirge Aue,0,0,D,rain
505,1597,D2,2011,2011-11-20,Dresden,Erzgebirge Aue,1,2,A,clear-day
506,1598,D2,2011,2011-08-20,Braunschweig,Erzgebirge Aue,1,1,D,clear-day
507,1599,D2,2011,2012-02-05,Karlsruhe,Erzgebirge Aue,2,1,H,partly-cloudy-day
508,1600,D2,2011,2012-02-25,Cottbus,Erzgebirge Aue,2,0,H,partly-cloudy-day
509,1601,D2,2011,2012-03-10,Fortuna Dusseldorf,Erzgebirge Aue,3,1,H,partly-cloudy-day
510,1602,D2,2011,2011-07-17,Hansa Rostock,Paderborn,1,2,A,rain
511,1603,D2,2011,2011-10-02,Duisburg,Paderborn,0,1,A,clear-day
512,1604,D2,2011,2011-12-16,Fortuna Dusseldorf,Paderborn,2,3,A,rain
513,1605,D2,2011,2012-04-22,Karlsruhe,Paderborn,2,0,H,partly-cloudy-day
514,1606,D2,2011,2012-03-03,Aachen,Paderborn,0,3,A,clear-day
515,1607,D2,2011,2011-08-21,Dresden,Paderborn,1,2,A,clear-day
516,1608,D2,2011,2011-08-28,Ein Frankfurt,Paderborn,0,0,D,partly-cloudy-day
517,1609,D2,2011,2011-09-18,Bochum,Paderborn,0,4,A,rain
518,1610,D2,2011,2012-05-06,St Pauli,Paderborn,5,0,H,rain
519,1611,D2,2011,2012-02-12,Greuther Furth,Paderborn,5,1,H,partly-cloudy-day
520,1612,D2,2011,2011-11-25,Frankfurt FSV,Paderborn,2,2,D,rain
521,1613,D2,2011,2011-08-05,Union Berlin,Paderborn,3,0,H,rain
522,1614,D2,2011,2012-04-11,Erzgebirge Aue,Paderborn,0,2,A,partly-cloudy-day
523,1615,D2,2011,2012-03-30,Braunschweig,Paderborn,0,0,D,partly-cloudy-day
524,1616,D2,2011,2011-10-21,Munich 1860,Paderborn,1,1,D,partly-cloudy-day
525,1617,D2,2011,2011-11-06,Cottbus,Paderborn,0,2,A,rain
526,1618,D2,2011,2012-03-17,Ingolstadt,Paderborn,4,0,H,clear-day
527,1619,D1,2011,2011-08-27,Nurnberg,Augsburg,1,0,H,rain
528,1620,D1,2011,2012-03-24,Werder Bremen,Augsburg,1,1,D,clear-day
529,1621,D1,2011,2011-11-20,Stuttgart,Augsburg,2,1,H,clear-day
530,1622,D1,2011,2011-12-17,Hamburg,Augsburg,1,1,D,rain
531,1623,D1,2011,2012-04-07,Bayern Munich,Augsburg,2,1,H,partly-cloudy-day
532,1624,D1,2011,2012-04-28,M'gladbach,Augsburg,0,0,D,clear-day
533,1625,D1,2011,2012-02-04,Hoffenheim,Augsburg,2,2,D,partly-cloudy-day
534,1626,D1,2011,2011-10-30,FC Koln,Augsburg,3,0,H,rain
535,1627,D1,2011,2011-12-04,Schalke 04,Augsburg,3,1,H,partly-cloudy-day
536,1628,D1,2011,2012-03-03,Hannover,Augsburg,2,2,D,clear-day
537,1629,D1,2011,2011-09-17,Hertha,Augsburg,2,2,D,partly-cloudy-day
538,1630,D1,2011,2011-10-15,Mainz,Augsburg,0,1,A,clear-day
539,1631,D1,2011,2012-02-18,Leverkusen,Augsburg,4,1,H,partly-cloudy-day
540,1632,D1,2011,2012-04-14,Wolfsburg,Augsburg,1,2,A,clear-day
541,1633,D1,2011,2011-08-14,Kaiserslautern,Augsburg,1,1,D,rain
542,1634,D1,2011,2011-10-01,Dortmund,Augsburg,4,0,H,clear-day
543,1635,D1,2011,2012-01-21,Freiburg,Augsburg,1,0,H,partly-cloudy-day
544,1636,D1,2011,2011-11-20,Hamburg,Hoffenheim,2,0,H,clear-day
545,1637,D1,2011,2012-01-28,Dortmund,Hoffenheim,3,1,H,partly-cloudy-day
546,1638,D1,2011,2012-03-24,M'gladbach,Hoffenheim,1,2,A,clear-day
547,1639,D1,2011,2012-02-11,Werder Bremen,Hoffenheim,1,1,D,partly-cloudy-day
548,1640,D1,2011,2011-12-02,Leverkusen,Hoffenheim,2,0,H,rain
549,1641,D1,2011,2011-10-15,Stuttgart,Hoffenheim,2,0,H,clear-day
550,1642,D1,2011,2012-04-07,Kaiserslautern,Hoffenheim,1,2,A,partly-cloudy-day
551,1643,D1,2011,2012-03-10,Bayern Munich,Hoffenheim,7,1,H,partly-cloudy-day
552,1644,D1,2011,2011-09-25,FC Koln,Hoffenheim,2,0,H,clear-day
553,1645,D1,2011,2012-05-05,Hertha,Hoffenheim,3,1,H,rain
554,1646,D1,2011,2011-09-10,Mainz,Hoffenheim,0,4,A,rain
555,1647,D1,2011,2011-10-29,Schalke 04,Hoffenheim,3,1,H,clear-day
556,1648,D1,2011,2011-08-06,Hannover,Hoffenheim,2,1,H,rain
557,1649,D1,2011,2011-12-10,Nurnberg,Hoffenheim,0,2,A,rain
558,1650,D1,2011,2011-08-20,Augsburg,Hoffenheim,0,2,A,clear-day
559,1651,D1,2011,2012-04-15,Freiburg,Hoffenheim,0,0,D,partly-cloudy-day
560,1652,D1,2011,2012-02-25,Wolfsburg,Hoffenheim,1,2,A,partly-cloudy-day
561,1653,D2,2011,2011-12-04,Dresden,Frankfurt FSV,2,2,D,partly-cloudy-day
562,1654,D2,2011,2011-09-18,Munich 1860,Frankfurt FSV,4,0,H,rain
563,1655,D2,2011,2011-11-20,Greuther Furth,Frankfurt FSV,4,0,H,clear-day
564,1656,D2,2011,2011-08-27,Karlsruhe,Frankfurt FSV,0,4,A,rain
565,1657,D2,2011,2012-02-03,Duisburg,Frankfurt FSV,1,2,A,partly-cloudy-day
566,1658,D2,2011,2011-10-23,St Pauli,Frankfurt FSV,2,1,H,rain
567,1659,D2,2011,2012-03-16,Braunschweig,Frankfurt FSV,0,0,D,clear-day
568,1660,D2,2011,2011-08-14,Ingolstadt,Frankfurt FSV,1,1,D,rain
569,1661,D2,2011,2011-12-10,Union Berlin,Frankfurt FSV,4,0,H,rain
570,1662,D2,2011,2011-09-30,Aachen,Frankfurt FSV,1,3,A,clear-day
571,1663,D2,2011,2012-03-04,Erzgebirge Aue,Frankfurt FSV,4,3,H,clear-day
572,1664,D2,2011,2012-02-18,Ein Frankfurt,Frankfurt FSV,6,1,H,partly-cloudy-day
573,1665,D2,2011,2012-04-29,Paderborn,Frankfurt FSV,1,0,H,clear-day
574,1666,D2,2011,2012-04-01,Cottbus,Frankfurt FSV,1,1,D,partly-cloudy-day
575,1667,D2,2011,2011-07-22,Bochum,Frankfurt FSV,1,0,H,rain
576,1668,D2,2011,2012-04-13,Hansa Rostock,Frankfurt FSV,0,5,A,partly-cloudy-day
577,1669,D2,2011,2012-04-10,Fortuna Dusseldorf,Frankfurt FSV,1,0,H,partly-cloudy-day
578,1670,D2,2011,2012-03-23,Bochum,Ingolstadt,0,1,A,partly-cloudy-day
579,1671,D2,2011,2011-11-27,Cottbus,Ingolstadt,0,0,D,partly-cloudy-day
580,1672,D2,2011,2011-10-15,Duisburg,Ingolstadt,3,1,H,clear-day
581,1673,D2,2011,2011-11-04,Karlsruhe,Ingolstadt,3,2,H,clear-day
582,1674,D2,2011,2011-08-19,Greuther Furth,Ingolstadt,3,0,H,rain
583,1675,D2,2011,2012-02-10,Frankfurt FSV,Ingolstadt,1,1,D,partly-cloudy-day
584,1676,D2,2011,2011-12-16,Erzgebirge Aue,Ingolstadt,1,1,D,rain
585,1677,D2,2011,2011-09-11,Union Berlin,Ingolstadt,4,1,H,rain
586,1678,D2,2011,2011-07-16,St Pauli,Ingolstadt,2,0,H,clear-day
587,1679,D2,2011,2012-03-11,Dresden,Ingolstadt,0,0,D,partly-cloudy-day
588,1680,D2,2011,2011-09-23,Paderborn,Ingolstadt,4,1,H,partly-cloudy-day
589,1681,D2,2011,2012-04-11,Ein Frankfurt,Ingolstadt,1,1,D,partly-cloudy-day
590,1682,D2,2011,2011-10-23,Aachen,Ingolstadt,3,1,H,rain
591,1683,D2,2011,2012-05-06,Braunschweig,Ingolstadt,3,1,H,rain
592,1684,D2,2011,2011-08-05,Fortuna Dusseldorf,Ingolstadt,4,1,H,rain
593,1685,D2,2011,2012-02-24,Hansa Rostock,Ingolstadt,1,2,A,rain
594,1686,D2,2011,2012-04-21,Munich 1860,Ingolstadt,4,1,H,partly-cloudy-day
595,1687,D2,2011,2012-04-29,Greuther Furth,Fortuna Dusseldorf,1,1,D,clear-day
596,1688,D2,2011,2011-10-17,St Pauli,Fortuna Dusseldorf,1,3,A,clear-day
597,1689,D2,2011,2011-12-05,Duisburg,Fortuna Dusseldorf,0,2,A,partly-cloudy-day
598,1690,D2,2011,2012-04-16,Dresden,Fortuna Dusseldorf,2,1,H,clear-day
599,1691,D2,2011,2011-10-30,Frankfurt FSV,Fortuna Dusseldorf,2,5,A,rain
600,1692,D2,2011,2012-04-05,Hansa Rostock,Fortuna Dusseldorf,2,1,H,partly-cloudy-day
601,1693,D2,2011,2012-02-04,Ingolstadt,Fortuna Dusseldorf,1,1,D,partly-cloudy-day
602,1694,D2,2011,2011-10-03,Braunschweig,Fortuna Dusseldorf,1,1,D,clear-day
603,1695,D2,2011,2012-03-03,Karlsruhe,Fortuna Dusseldorf,0,5,A,clear-day
604,1696,D2,2011,2012-03-19,Cottbus,Fortuna Dusseldorf,1,1,D,partly-cloudy-day
605,1697,D2,2011,2011-11-19,Union Berlin,Fortuna Dusseldorf,0,0,D,partly-cloudy-day
606,1698,D2,2011,2012-02-19,Munich 1860,Fortuna Dusseldorf,2,1,H,rain
607,1699,D2,2011,2011-07-24,Paderborn,Fortuna Dusseldorf,1,1,D,partly-cloudy-day
608,1700,D2,2011,2011-12-10,Bochum,Fortuna Dusseldorf,1,1,D,rain
609,1701,D2,2011,2011-08-15,Ein Frankfurt,Fortuna Dusseldorf,1,1,D,rain
610,1702,D2,2011,2011-08-27,Aachen,Fortuna Dusseldorf,0,0,D,rain
611,1703,D2,2011,2011-09-16,Erzgebirge Aue,Fortuna Dusseldorf,2,4,A,partly-cloudy-day
612,44495,E0,2011,2011-08-13,Blackburn,Wolves,1,2,A,partly-cloudy-day
613,44496,E0,2011,2011-08-13,Fulham,Aston Villa,0,0,D,partly-cloudy-day
614,44497,E0,2011,2011-08-13,Liverpool,Sunderland,1,1,D,partly-cloudy-day
615,44498,E0,2011,2011-08-13,Newcastle,Arsenal,0,0,D,partly-cloudy-day
616,44499,E0,2011,2011-08-13,QPR,Bolton,0,4,A,partly-cloudy-day
617,44500,E0,2011,2011-08-13,Wigan,Norwich,1,1,D,partly-cloudy-day
618,44501,E0,2011,2011-08-14,Stoke,Chelsea,0,0,D,rain
619,44502,E0,2011,2011-08-14,West Brom,Man United,1,2,A,rain
620,44503,E0,2011,2011-08-15,Man City,Swansea,4,0,H,rain
621,44504,E0,2011,2011-08-20,Arsenal,Liverpool,0,2,A,clear-day
622,44505,E0,2011,2011-08-20,Aston Villa,Blackburn,3,1,H,clear-day
623,44506,E0,2011,2011-08-20,Chelsea,West Brom,2,1,H,clear-day
624,44507,E0,2011,2011-08-20,Everton,QPR,0,1,A,clear-day
625,44508,E0,2011,2011-08-20,Sunderland,Newcastle,0,1,A,clear-day
626,44509,E0,2011,2011-08-20,Swansea,Wigan,0,0,D,clear-day
627,44510,E0,2011,2011-08-21,Bolton,Man City,2,3,A,clear-day
628,44511,E0,2011,2011-08-21,Norwich,Stoke,1,1,D,clear-day
629,44512,E0,2011,2011-08-21,Wolves,Fulham,2,0,H,clear-day
630,44513,E0,2011,2011-08-22,Man United,Tottenham,3,0,H,partly-cloudy-day
631,44514,E0,2011,2011-08-27,Aston Villa,Wolves,0,0,D,rain
632,44515,E0,2011,2011-08-27,Blackburn,Everton,0,1,A,rain
633,44516,E0,2011,2011-08-27,Chelsea,Norwich,3,1,H,rain
634,44517,E0,2011,2011-08-27,Liverpool,Bolton,3,1,H,rain
635,44518,E0,2011,2011-08-27,Swansea,Sunderland,0,0,D,rain
636,44519,E0,2011,2011-08-27,Wigan,QPR,2,0,H,rain
637,44520,E0,2011,2011-08-28,Man United,Arsenal,8,2,H,partly-cloudy-day
638,44521,E0,2011,2011-08-28,Newcastle,Fulham,2,1,H,partly-cloudy-day
639,44522,E0,2011,2011-08-28,Tottenham,Man City,1,5,A,partly-cloudy-day
640,44523,E0,2011,2011-08-28,West Brom,Stoke,0,1,A,partly-cloudy-day
641,44524,E0,2011,2011-09-10,Arsenal,Swansea,1,0,H,rain
642,44525,E0,2011,2011-09-10,Bolton,Man United,0,5,A,rain
643,44526,E0,2011,2011-09-10,Everton,Aston Villa,2,2,D,rain
644,44527,E0,2011,2011-09-10,Man City,Wigan,3,0,H,rain
645,44528,E0,2011,2011-09-10,Stoke,Liverpool,1,0,H,rain
646,44529,E0,2011,2011-09-10,Sunderland,Chelsea,1,2,A,rain
647,44530,E0,2011,2011-09-10,Wolves,Tottenham,0,2,A,rain
648,44531,E0,2011,2011-09-11,Fulham,Blackburn,1,1,D,rain
649,44532,E0,2011,2011-09-11,Norwich,West Brom,0,1,A,rain
650,44533,E0,2011,2011-09-12,QPR,Newcastle,0,0,D,rain
651,44534,E0,2011,2011-09-17,Aston Villa,Newcastle,1,1,D,partly-cloudy-day
652,44535,E0,2011,2011-09-17,Blackburn,Arsenal,4,3,H,partly-cloudy-day
653,44536,E0,2011,2011-09-17,Bolton,Norwich,1,2,A,partly-cloudy-day
654,44537,E0,2011,2011-09-17,Everton,Wigan,3,1,H,partly-cloudy-day
655,44538,E0,2011,2011-09-17,Swansea,West Brom,3,0,H,partly-cloudy-day
656,44539,E0,2011,2011-09-17,Wolves,QPR,0,3,A,partly-cloudy-day
657,44540,E0,2011,2011-09-18,Fulham,Man City,2,2,D,rain
658,44541,E0,2011,2011-09-18,Man United,Chelsea,3,1,H,rain
659,44542,E0,2011,2011-09-18,Sunderland,Stoke,4,0,H,rain
660,44543,E0,2011,2011-09-18,Tottenham,Liverpool,4,0,H,rain
661,44544,E0,2011,2011-09-24,Arsenal,Bolton,3,0,H,clear-day
662,44545,E0,2011,2011-09-24,Chelsea,Swansea,4,1,H,clear-day
663,44546,E0,2011,2011-09-24,Liverpool,Wolves,2,1,H,clear-day
664,44547,E0,2011,2011-09-24,Man City,Everton,2,0,H,clear-day
665,44548,E0,2011,2011-09-24,Newcastle,Blackburn,3,1,H,clear-day
666,44549,E0,2011,2011-09-24,Stoke,Man United,1,1,D,clear-day
667,44550,E0,2011,2011-09-24,West Brom,Fulham,0,0,D,clear-day
668,44551,E0,2011,2011-09-24,Wigan,Tottenham,1,2,A,clear-day
669,44552,E0,2011,2011-09-25,QPR,Aston Villa,1,1,D,clear-day
670,44553,E0,2011,2011-09-26,Norwich,Sunderland,2,1,H,clear-day
671,44554,E0,2011,2011-10-01,Aston Villa,Wigan,2,0,H,clear-day
672,44555,E0,2011,2011-10-01,Blackburn,Man City,0,4,A,clear-day
673,44556,E0,2011,2011-10-01,Everton,Liverpool,0,2,A,clear-day
674,44557,E0,2011,2011-10-01,Man United,Norwich,2,0,H,clear-day
675,44558,E0,2011,2011-10-01,Sunderland,West Brom,2,2,D,clear-day
676,44559,E0,2011,2011-10-01,Wolves,Newcastle,1,2,A,clear-day
677,44560,E0,2011,2011-10-02,Bolton,Chelsea,1,5,A,clear-day
678,44561,E0,2011,2011-10-02,Fulham,QPR,6,0,H,clear-day
679,44562,E0,2011,2011-10-02,Swansea,Stoke,2,0,H,clear-day
680,44563,E0,2011,2011-10-02,Tottenham,Arsenal,2,1,H,clear-day
681,44564,E0,2011,2011-10-15,Chelsea,Everton,3,1,H,clear-day
682,44565,E0,2011,2011-10-15,Liverpool,Man United,1,1,D,clear-day
683,44566,E0,2011,2011-10-15,Man City,Aston Villa,4,1,H,clear-day
684,44567,E0,2011,2011-10-15,Norwich,Swansea,3,1,H,clear-day
685,44568,E0,2011,2011-10-15,QPR,Blackburn,1,1,D,clear-day
686,44569,E0,2011,2011-10-15,Stoke,Fulham,2,0,H,clear-day
687,44570,E0,2011,2011-10-15,Wigan,Bolton,1,3,A,clear-day
688,44571,E0,2011,2011-10-16,Arsenal,Sunderland,2,1,H,rain
689,44572,E0,2011,2011-10-16,Newcastle,Tottenham,2,2,D,rain
690,44573,E0,2011,2011-10-16,West Brom,Wolves,2,0,H,rain
691,44574,E0,2011,2011-10-22,Aston Villa,West Brom,1,2,A,clear-day
692,44575,E0,2011,2011-10-22,Bolton,Sunderland,0,2,A,clear-day
693,44576,E0,2011,2011-10-22,Liverpool,Norwich,1,1,D,clear-day
694,44577,E0,2011,2011-10-22,Newcastle,Wigan,1,0,H,clear-day
695,44578,E0,2011,2011-10-22,Wolves,Swansea,2,2,D,clear-day
696,44579,E0,2011,2011-10-23,Arsenal,Stoke,3,1,H,rain
697,44580,E0,2011,2011-10-23,Blackburn,Tottenham,1,2,A,rain
698,44581,E0,2011,2011-10-23,Fulham,Everton,1,3,A,rain
699,44582,E0,2011,2011-10-23,Man United,Man City,1,6,A,rain
700,44583,E0,2011,2011-10-23,QPR,Chelsea,1,0,H,rain
701,44584,E0,2011,2011-10-29,Chelsea,Arsenal,3,5,A,clear-day
702,44585,E0,2011,2011-10-29,Everton,Man United,0,1,A,clear-day
703,44586,E0,2011,2011-10-29,Man City,Wolves,3,1,H,clear-day
704,44587,E0,2011,2011-10-29,Norwich,Blackburn,3,3,D,clear-day
705,44588,E0,2011,2011-10-29,Sunderland,Aston Villa,2,2,D,clear-day
706,44589,E0,2011,2011-10-29,Swansea,Bolton,3,1,H,clear-day
707,44590,E0,2011,2011-10-29,West Brom,Liverpool,0,2,A,clear-day
708,44591,E0,2011,2011-10-29,Wigan,Fulham,0,2,A,clear-day
709,44592,E0,2011,2011-10-30,Tottenham,QPR,3,1,H,rain
710,44593,E0,2011,2011-10-31,Stoke,Newcastle,1,3,A,partly-cloudy-day
711,44594,E0,2011,2011-11-05,Arsenal,West Brom,3,0,H,rain
712,44595,E0,2011,2011-11-05,Aston Villa,Norwich,3,2,H,rain
713,44596,E0,2011,2011-11-05,Blackburn,Chelsea,0,1,A,rain
714,44597,E0,2011,2011-11-05,Liverpool,Swansea,0,0,D,rain
715,44598,E0,2011,2011-11-05,Man United,Sunderland,1,0,H,rain
716,44599,E0,2011,2011-11-05,Newcastle,Everton,2,1,H,rain
717,44600,E0,2011,2011-11-05,QPR,Man City,2,3,A,rain
718,44601,E0,2011,2011-11-06,Bolton,Stoke,5,0,H,rain
719,44602,E0,2011,2011-11-06,Fulham,Tottenham,1,3,A,rain
720,44603,E0,2011,2011-11-06,Wolves,Wigan,3,1,H,rain
721,44604,E0,2011,2011-11-19,Everton,Wolves,2,1,H,partly-cloudy-day
722,44605,E0,2011,2011-11-19,Man City,Newcastle,3,1,H,partly-cloudy-day
723,44606,E0,2011,2011-11-19,Norwich,Arsenal,1,2,A,partly-cloudy-day
724,44607,E0,2011,2011-11-19,Stoke,QPR,2,3,A,partly-cloudy-day
725,44608,E0,2011,2011-11-19,Sunderland,Fulham,0,0,D,partly-cloudy-day
726,44609,E0,2011,2011-11-19,Swansea,Man United,0,1,A,partly-cloudy-day
727,44610,E0,2011,2011-11-19,West Brom,Bolton,2,1,H,partly-cloudy-day
728,44611,E0,2011,2011-11-19,Wigan,Blackburn,3,3,D,partly-cloudy-day
729,44612,E0,2011,2011-11-20,Chelsea,Liverpool,1,2,A,clear-day
730,44613,E0,2011,2011-11-21,Tottenham,Aston Villa,2,0,H,clear-day
731,44614,E0,2011,2011-11-26,Arsenal,Fulham,1,1,D,rain
732,44615,E0,2011,2011-11-26,Bolton,Everton,0,2,A,rain
733,44616,E0,2011,2011-11-26,Chelsea,Wolves,3,0,H,rain
734,44617,E0,2011,2011-11-26,Man United,Newcastle,1,1,D,rain
735,44618,E0,2011,2011-11-26,Norwich,QPR,2,1,H,rain
736,44619,E0,2011,2011-11-26,Stoke,Blackburn,3,1,H,rain
737,44620,E0,2011,2011-11-26,Sunderland,Wigan,1,2,A,rain
738,44621,E0,2011,2011-11-26,West Brom,Tottenham,1,3,A,rain
739,44622,E0,2011,2011-11-27,Liverpool,Man City,1,1,D,partly-cloudy-day
740,44623,E0,2011,2011-11-27,Swansea,Aston Villa,0,0,D,partly-cloudy-day
741,44624,E0,2011,2011-12-03,Aston Villa,Man United,0,1,A,rain
742,44625,E0,2011,2011-12-03,Blackburn,Swansea,4,2,H,rain
743,44626,E0,2011,2011-12-03,Man City,Norwich,5,1,H,rain
744,44627,E0,2011,2011-12-03,Newcastle,Chelsea,0,3,A,rain
745,44628,E0,2011,2011-12-03,QPR,West Brom,1,1,D,rain
746,44629,E0,2011,2011-12-03,Tottenham,Bolton,3,0,H,rain
747,44630,E0,2011,2011-12-03,Wigan,Arsenal,0,4,A,rain
748,44631,E0,2011,2011-12-04,Everton,Stoke,0,1,A,partly-cloudy-day
749,44632,E0,2011,2011-12-04,Wolves,Sunderland,2,1,H,partly-cloudy-day
750,44633,E0,2011,2011-12-05,Fulham,Liverpool,1,0,H,partly-cloudy-day
751,44634,E0,2011,2011-12-10,Arsenal,Everton,1,0,H,rain
752,44635,E0,2011,2011-12-10,Bolton,Aston Villa,1,2,A,rain
753,44636,E0,2011,2011-12-10,Liverpool,QPR,1,0,H,rain
754,44637,E0,2011,2011-12-10,Man United,Wolves,4,1,H,rain
755,44638,E0,2011,2011-12-10,Norwich,Newcastle,4,2,H,rain
756,44639,E0,2011,2011-12-10,Swansea,Fulham,2,0,H,rain
757,44640,E0,2011,2011-12-10,West Brom,Wigan,1,2,A,rain
758,44641,E0,2011,2011-12-11,Stoke,Tottenham,2,1,H,partly-cloudy-day
759,44642,E0,2011,2011-12-11,Sunderland,Blackburn,2,1,H,partly-cloudy-day
760,44643,E0,2011,2011-12-12,Chelsea,Man City,2,1,H,rain
761,44644,E0,2011,2011-12-17,Blackburn,West Brom,1,2,A,rain
762,44645,E0,2011,2011-12-17,Everton,Norwich,1,1,D,rain
763,44646,E0,2011,2011-12-17,Fulham,Bolton,2,0,H,rain
764,44647,E0,2011,2011-12-17,Newcastle,Swansea,0,0,D,rain
765,44648,E0,2011,2011-12-17,Wigan,Chelsea,1,1,D,rain
766,44649,E0,2011,2011-12-17,Wolves,Stoke,1,2,A,rain
767,44650,E0,2011,2011-12-18,Aston Villa,Liverpool,0,2,A,rain
768,44651,E0,2011,2011-12-18,Man City,Arsenal,1,0,H,rain
769,44652,E0,2011,2011-12-18,QPR,Man United,0,2,A,rain
770,44653,E0,2011,2011-12-18,Tottenham,Sunderland,1,0,H,rain
771,44654,E0,2011,2011-12-20,Blackburn,Bolton,1,2,A,partly-cloudy-day
772,44655,E0,2011,2011-12-20,Wolves,Norwich,2,2,D,partly-cloudy-day
773,44656,E0,2011,2011-12-21,Aston Villa,Arsenal,1,2,A,rain
774,44657,E0,2011,2011-12-21,Everton,Swansea,1,0,H,rain
775,44658,E0,2011,2011-12-21,Fulham,Man United,0,5,A,rain
776,44659,E0,2011,2011-12-21,Man City,Stoke,3,0,H,rain
777,44660,E0,2011,2011-12-21,Newcastle,West Brom,2,3,A,rain
778,44661,E0,2011,2011-12-21,QPR,Sunderland,2,3,A,rain
779,44662,E0,2011,2011-12-21,Wigan,Liverpool,0,0,D,rain
780,44663,E0,2011,2011-12-22,Tottenham,Chelsea,1,1,D,partly-cloudy-day
781,44664,E0,2011,2011-12-26,Bolton,Newcastle,0,2,A,rain
782,44665,E0,2011,2011-12-26,Chelsea,Fulham,1,1,D,rain
783,44666,E0,2011,2011-12-26,Liverpool,Blackburn,1,1,D,rain
784,44667,E0,2011,2011-12-26,Man United,Wigan,5,0,H,rain
785,44668,E0,2011,2011-12-26,Stoke,Aston Villa,0,0,D,rain
786,44669,E0,2011,2011-12-26,Sunderland,Everton,1,1,D,rain
787,44670,E0,2011,2011-12-26,West Brom,Man City,0,0,D,rain
788,44671,E0,2011,2011-12-27,Arsenal,Wolves,1,1,D,partly-cloudy-day
789,44672,E0,2011,2011-12-27,Norwich,Tottenham,0,2,A,partly-cloudy-day
790,44673,E0,2011,2011-12-27,Swansea,QPR,1,1,D,partly-cloudy-day
791,44674,E0,2011,2011-12-30,Liverpool,Newcastle,3,1,H,rain
792,44675,E0,2011,2011-12-31,Arsenal,QPR,1,0,H,partly-cloudy-day
793,44676,E0,2011,2011-12-31,Bolton,Wolves,1,1,D,partly-cloudy-day
794,44677,E0,2011,2011-12-31,Chelsea,Aston Villa,1,3,A,partly-cloudy-day
795,44678,E0,2011,2011-12-31,Man United,Blackburn,2,3,A,partly-cloudy-day
796,44679,E0,2011,2011-12-31,Norwich,Fulham,1,1,D,partly-cloudy-day
797,44680,E0,2011,2011-12-31,Stoke,Wigan,2,2,D,partly-cloudy-day
798,44681,E0,2011,2011-12-31,Swansea,Tottenham,1,1,D,partly-cloudy-day
799,44682,E0,2011,2012-01-01,Sunderland,Man City,1,0,H,rain
800,44683,E0,2011,2012-01-01,West Brom,Everton,0,1,A,rain
801,44684,E0,2011,2012-01-02,Aston Villa,Swansea,0,2,A,rain
802,44685,E0,2011,2012-01-02,Blackburn,Stoke,1,2,A,rain
803,44686,E0,2011,2012-01-02,Fulham,Arsenal,2,1,H,rain
804,44687,E0,2011,2012-01-02,QPR,Norwich,1,2,A,rain
805,44688,E0,2011,2012-01-02,Wolves,Chelsea,1,2,A,rain
806,44689,E0,2011,2012-01-03,Man City,Liverpool,3,0,H,rain
807,44690,E0,2011,2012-01-03,Tottenham,West Brom,1,0,H,rain
808,44691,E0,2011,2012-01-03,Wigan,Sunderland,1,4,A,rain
809,44692,E0,2011,2012-01-04,Everton,Bolton,1,2,A,rain
810,44693,E0,2011,2012-01-04,Newcastle,Man United,3,0,H,rain
811,44694,E0,2011,2012-01-11,Tottenham,Everton,2,0,H,partly-cloudy-day
812,44695,E0,2011,2012-01-14,Aston Villa,Everton,1,1,D,partly-cloudy-day
813,44696,E0,2011,2012-01-14,Blackburn,Fulham,3,1,H,partly-cloudy-day
814,44697,E0,2011,2012-01-14,Chelsea,Sunderland,1,0,H,partly-cloudy-day
815,44698,E0,2011,2012-01-14,Liverpool,Stoke,0,0,D,partly-cloudy-day
816,44699,E0,2011,2012-01-14,Man United,Bolton,3,0,H,partly-cloudy-day
817,44700,E0,2011,2012-01-14,Tottenham,Wolves,1,1,D,partly-cloudy-day
818,44701,E0,2011,2012-01-14,West Brom,Norwich,1,2,A,partly-cloudy-day
819,44702,E0,2011,2012-01-15,Newcastle,QPR,1,0,H,partly-cloudy-day
820,44703,E0,2011,2012-01-15,Swansea,Arsenal,3,2,H,partly-cloudy-day
821,44704,E0,2011,2012-01-16,Wigan,Man City,0,1,A,rain
822,44705,E0,2011,2012-01-21,Bolton,Liverpool,3,1,H,partly-cloudy-day
823,44706,E0,2011,2012-01-21,Everton,Blackburn,1,1,D,partly-cloudy-day
824,44707,E0,2011,2012-01-21,Fulham,Newcastle,5,2,H,partly-cloudy-day
825,44708,E0,2011,2012-01-21,Norwich,Chelsea,0,0,D,partly-cloudy-day
826,44709,E0,2011,2012-01-21,QPR,Wigan,3,1,H,partly-cloudy-day
827,44710,E0,2011,2012-01-21,Stoke,West Brom,1,2,A,partly-cloudy-day
828,44711,E0,2011,2012-01-21,Sunderland,Swansea,2,0,H,partly-cloudy-day
829,44712,E0,2011,2012-01-21,Wolves,Aston Villa,2,3,A,partly-cloudy-day
830,44713,E0,2011,2012-01-22,Arsenal,Man United,1,2,A,rain
831,44714,E0,2011,2012-01-22,Man City,Tottenham,3,2,H,rain
832,44715,E0,2011,2012-01-31,Everton,Man City,1,0,H,clear-day
833,44716,E0,2011,2012-01-31,Man United,Stoke,2,0,H,clear-day
834,44717,E0,2011,2012-01-31,Swansea,Chelsea,1,1,D,clear-day
835,44718,E0,2011,2012-01-31,Tottenham,Wigan,3,1,H,clear-day
836,44719,E0,2011,2012-01-31,Wolves,Liverpool,0,3,A,clear-day
837,44720,E0,2011,2012-02-01,Aston Villa,QPR,2,2,D,clear-day
838,44721,E0,2011,2012-02-01,Blackburn,Newcastle,0,2,A,clear-day
839,44722,E0,2011,2012-02-01,Bolton,Arsenal,0,0,D,clear-day
840,44723,E0,2011,2012-02-01,Fulham,West Brom,1,1,D,clear-day
841,44724,E0,2011,2012-02-01,Sunderland,Norwich,3,0,H,clear-day
842,44725,E0,2011,2012-02-04,Arsenal,Blackburn,7,1,H,partly-cloudy-day
843,44726,E0,2011,2012-02-04,Man City,Fulham,3,0,H,partly-cloudy-day
844,44727,E0,2011,2012-02-04,Norwich,Bolton,2,0,H,partly-cloudy-day
845,44728,E0,2011,2012-02-04,QPR,Wolves,1,2,A,partly-cloudy-day
846,44729,E0,2011,2012-02-04,Stoke,Sunderland,0,1,A,partly-cloudy-day
847,44730,E0,2011,2012-02-04,West Brom,Swansea,1,2,A,partly-cloudy-day
848,44731,E0,2011,2012-02-04,Wigan,Everton,1,1,D,partly-cloudy-day
849,44732,E0,2011,2012-02-05,Chelsea,Man United,3,3,D,partly-cloudy-day
850,44733,E0,2011,2012-02-05,Newcastle,Aston Villa,2,1,H,partly-cloudy-day
851,44734,E0,2011,2012-02-06,Liverpool,Tottenham,0,0,D,clear-day
852,44735,E0,2011,2012-02-11,Blackburn,QPR,3,2,H,partly-cloudy-day
853,44736,E0,2011,2012-02-11,Bolton,Wigan,1,2,A,partly-cloudy-day
854,44737,E0,2011,2012-02-11,Everton,Chelsea,2,0,H,partly-cloudy-day
855,44738,E0,2011,2012-02-11,Fulham,Stoke,2,1,H,partly-cloudy-day
856,44739,E0,2011,2012-02-11,Man United,Liverpool,2,1,H,partly-cloudy-day
857,44740,E0,2011,2012-02-11,Sunderland,Arsenal,1,2,A,partly-cloudy-day
858,44741,E0,2011,2012-02-11,Swansea,Norwich,2,3,A,partly-cloudy-day
859,44742,E0,2011,2012-02-11,Tottenham,Newcastle,5,0,H,partly-cloudy-day
860,44743,E0,2011,2012-02-12,Aston Villa,Man City,0,1,A,partly-cloudy-day
861,44744,E0,2011,2012-02-12,Wolves,West Brom,1,5,A,partly-cloudy-day
862,44745,E0,2011,2012-02-25,Chelsea,Bolton,3,0,H,partly-cloudy-day
863,44746,E0,2011,2012-02-25,Man City,Blackburn,3,0,H,partly-cloudy-day
864,44747,E0,2011,2012-02-25,Newcastle,Wolves,2,2,D,partly-cloudy-day
865,44748,E0,2011,2012-02-25,QPR,Fulham,0,1,A,partly-cloudy-day
866,44749,E0,2011,2012-02-25,West Brom,Sunderland,4,0,H,partly-cloudy-day
867,44750,E0,2011,2012-02-25,Wigan,Aston Villa,0,0,D,partly-cloudy-day
868,44751,E0,2011,2012-02-26,Arsenal,Tottenham,5,2,H,partly-cloudy-day
869,44752,E0,2011,2012-02-26,Norwich,Man United,1,2,A,partly-cloudy-day
870,44753,E0,2011,2012-02-26,Stoke,Swansea,2,0,H,partly-cloudy-day
871,44754,E0,2011,2012-03-03,Blackburn,Aston Villa,1,1,D,clear-day
872,44755,E0,2011,2012-03-03,Liverpool,Arsenal,1,2,A,clear-day
873,44756,E0,2011,2012-03-03,Man City,Bolton,2,0,H,clear-day
874,44757,E0,2011,2012-03-03,QPR,Everton,1,1,D,clear-day
875,44758,E0,2011,2012-03-03,Stoke,Norwich,1,0,H,clear-day
876,44759,E0,2011,2012-03-03,West Brom,Chelsea,1,0,H,clear-day
877,44760,E0,2011,2012-03-03,Wigan,Swansea,0,2,A,clear-day
878,44761,E0,2011,2012-03-04,Fulham,Wolves,5,0,H,clear-day
879,44762,E0,2011,2012-03-04,Newcastle,Sunderland,1,1,D,clear-day
880,44763,E0,2011,2012-03-04,Tottenham,Man United,1,3,A,clear-day
881,44764,E0,2011,2012-03-10,Aston Villa,Fulham,1,0,H,partly-cloudy-day
882,44765,E0,2011,2012-03-10,Bolton,QPR,2,1,H,partly-cloudy-day
883,44766,E0,2011,2012-03-10,Chelsea,Stoke,1,0,H,partly-cloudy-day
884,44767,E0,2011,2012-03-10,Everton,Tottenham,1,0,H,partly-cloudy-day
885,44768,E0,2011,2012-03-10,Sunderland,Liverpool,1,0,H,partly-cloudy-day
886,44769,E0,2011,2012-03-10,Wolves,Blackburn,0,2,A,partly-cloudy-day
887,44770,E0,2011,2012-03-11,Man United,West Brom,2,0,H,partly-cloudy-day
888,44771,E0,2011,2012-03-11,Norwich,Wigan,1,1,D,partly-cloudy-day
889,44772,E0,2011,2012-03-11,Swansea,Man City,1,0,H,partly-cloudy-day
890,44773,E0,2011,2012-03-12,Arsenal,Newcastle,2,1,H,rain
891,44774,E0,2011,2012-03-13,Liverpool,Everton,3,0,H,partly-cloudy-day
892,44775,E0,2011,2012-03-17,Fulham,Swansea,0,3,A,clear-day
893,44776,E0,2011,2012-03-17,Wigan,West Brom,1,1,D,clear-day
894,44777,E0,2011,2012-03-18,Newcastle,Norwich,1,0,H,partly-cloudy-day
895,44778,E0,2011,2012-03-18,Wolves,Man United,0,5,A,partly-cloudy-day
896,44779,E0,2011,2012-03-20,Blackburn,Sunderland,2,0,H,partly-cloudy-day
897,44780,E0,2011,2012-03-21,Everton,Arsenal,0,1,A,partly-cloudy-day
898,44781,E0,2011,2012-03-21,Man City,Chelsea,2,1,H,partly-cloudy-day
899,44782,E0,2011,2012-03-21,QPR,Liverpool,3,2,H,partly-cloudy-day
900,44783,E0,2011,2012-03-21,Tottenham,Stoke,1,1,D,partly-cloudy-day
901,44784,E0,2011,2012-03-24,Arsenal,Aston Villa,3,0,H,clear-day
902,44785,E0,2011,2012-03-24,Bolton,Blackburn,2,1,H,clear-day
903,44786,E0,2011,2012-03-24,Chelsea,Tottenham,0,0,D,clear-day
904,44787,E0,2011,2012-03-24,Liverpool,Wigan,1,2,A,clear-day
905,44788,E0,2011,2012-03-24,Norwich,Wolves,2,1,H,clear-day
906,44789,E0,2011,2012-03-24,Stoke,Man City,1,1,D,clear-day
907,44790,E0,2011,2012-03-24,Sunderland,QPR,3,1,H,clear-day
908,44791,E0,2011,2012-03-24,Swansea,Everton,0,2,A,clear-day
909,44792,E0,2011,2012-03-25,West Brom,Newcastle,1,3,A,partly-cloudy-day
910,44793,E0,2011,2012-03-26,Man United,Fulham,1,0,H,clear-day
911,44794,E0,2011,2012-03-31,Aston Villa,Chelsea,2,4,A,rain
912,44795,E0,2011,2012-03-31,Everton,West Brom,2,0,H,rain
913,44796,E0,2011,2012-03-31,Fulham,Norwich,2,1,H,rain
914,44797,E0,2011,2012-03-31,Man City,Sunderland,3,3,D,rain
915,44798,E0,2011,2012-03-31,QPR,Arsenal,2,1,H,rain
916,44799,E0,2011,2012-03-31,Wigan,Stoke,2,0,H,rain
917,44800,E0,2011,2012-03-31,Wolves,Bolton,2,3,A,rain
918,44801,E0,2011,2012-04-01,Newcastle,Liverpool,2,0,H,partly-cloudy-day
919,44802,E0,2011,2012-04-01,Tottenham,Swansea,3,1,H,partly-cloudy-day
920,44803,E0,2011,2012-04-02,Blackburn,Man United,0,2,A,rain
921,44804,E0,2011,2012-04-06,Swansea,Newcastle,0,2,A,partly-cloudy-day
922,44805,E0,2011,2012-04-07,Bolton,Fulham,0,3,A,partly-cloudy-day
923,44806,E0,2011,2012-04-07,Chelsea,Wigan,2,1,H,partly-cloudy-day
924,44807,E0,2011,2012-04-07,Liverpool,Aston Villa,1,1,D,partly-cloudy-day
925,44808,E0,2011,2012-04-07,Norwich,Everton,2,2,D,partly-cloudy-day
926,44809,E0,2011,2012-04-07,Stoke,Wolves,2,1,H,partly-cloudy-day
927,44810,E0,2011,2012-04-07,Sunderland,Tottenham,0,0,D,partly-cloudy-day
928,44811,E0,2011,2012-04-07,West Brom,Blackburn,3,0,H,partly-cloudy-day
929,44812,E0,2011,2012-04-08,Arsenal,Man City,1,0,H,clear-day
930,44813,E0,2011,2012-04-08,Man United,QPR,2,0,H,clear-day
931,44814,E0,2011,2012-04-09,Aston Villa,Stoke,1,1,D,clear-day
932,44815,E0,2011,2012-04-09,Everton,Sunderland,4,0,H,clear-day
933,44816,E0,2011,2012-04-09,Fulham,Chelsea,1,1,D,clear-day
934,44817,E0,2011,2012-04-09,Newcastle,Bolton,2,0,H,clear-day
935,44818,E0,2011,2012-04-09,Tottenham,Norwich,1,2,A,clear-day
936,44819,E0,2011,2012-04-10,Blackburn,Liverpool,2,3,A,partly-cloudy-day
937,44820,E0,2011,2012-04-11,Man City,West Brom,4,0,H,partly-cloudy-day
938,44821,E0,2011,2012-04-11,QPR,Swansea,3,0,H,partly-cloudy-day
939,44822,E0,2011,2012-04-11,Wigan,Man United,1,0,H,partly-cloudy-day
940,44823,E0,2011,2012-04-11,Wolves,Arsenal,0,3,A,partly-cloudy-day
941,44824,E0,2011,2012-04-14,Norwich,Man City,1,6,A,clear-day
942,44825,E0,2011,2012-04-14,Sunderland,Wolves,0,0,D,clear-day
943,44826,E0,2011,2012-04-14,Swansea,Blackburn,3,0,H,clear-day
944,44827,E0,2011,2012-04-14,West Brom,QPR,1,0,H,clear-day
945,44828,E0,2011,2012-04-15,Man United,Aston Villa,4,0,H,partly-cloudy-day
946,44829,E0,2011,2012-04-16,Arsenal,Wigan,1,2,A,clear-day
947,44830,E0,2011,2012-04-21,Arsenal,Chelsea,0,0,D,partly-cloudy-day
948,44831,E0,2011,2012-04-21,Aston Villa,Sunderland,0,0,D,partly-cloudy-day
949,44832,E0,2011,2012-04-21,Blackburn,Norwich,2,0,H,partly-cloudy-day
950,44833,E0,2011,2012-04-21,Bolton,Swansea,1,1,D,partly-cloudy-day
951,44834,E0,2011,2012-04-21,Fulham,Wigan,2,1,H,partly-cloudy-day
952,44835,E0,2011,2012-04-21,Newcastle,Stoke,3,0,H,partly-cloudy-day
953,44836,E0,2011,2012-04-21,QPR,Tottenham,1,0,H,partly-cloudy-day
954,44837,E0,2011,2012-04-22,Liverpool,West Brom,0,1,A,partly-cloudy-day
955,44838,E0,2011,2012-04-22,Man United,Everton,4,4,D,partly-cloudy-day
956,44839,E0,2011,2012-04-22,Wolves,Man City,0,2,A,partly-cloudy-day
957,44840,E0,2011,2012-04-24,Aston Villa,Bolton,1,2,A,rain
958,44841,E0,2011,2012-04-28,Everton,Fulham,4,0,H,clear-day
959,44842,E0,2011,2012-04-28,Norwich,Liverpool,0,3,A,clear-day
960,44843,E0,2011,2012-04-28,Stoke,Arsenal,1,1,D,clear-day
961,44844,E0,2011,2012-04-28,Sunderland,Bolton,2,2,D,clear-day
962,44845,E0,2011,2012-04-28,Swansea,Wolves,4,4,D,clear-day
963,44846,E0,2011,2012-04-28,West Brom,Aston Villa,0,0,D,clear-day
964,44847,E0,2011,2012-04-28,Wigan,Newcastle,4,0,H,clear-day
965,44848,E0,2011,2012-04-29,Chelsea,QPR,6,1,H,clear-day
966,44849,E0,2011,2012-04-29,Tottenham,Blackburn,2,0,H,clear-day
967,44850,E0,2011,2012-04-30,Man City,Man United,1,0,H,clear-day
968,44851,E0,2011,2012-05-01,Liverpool,Fulham,0,1,A,clear-day
969,44852,E0,2011,2012-05-01,Stoke,Everton,1,1,D,clear-day
970,44853,E0,2011,2012-05-02,Bolton,Tottenham,1,4,A,clear-day
971,44854,E0,2011,2012-05-02,Chelsea,Newcastle,0,2,A,clear-day
972,44855,E0,2011,2012-05-05,Arsenal,Norwich,3,3,D,rain
973,44856,E0,2011,2012-05-06,Aston Villa,Tottenham,1,1,D,rain
974,44857,E0,2011,2012-05-06,Bolton,West Brom,2,2,D,rain
975,44858,E0,2011,2012-05-06,Fulham,Sunderland,2,1,H,rain
976,44859,E0,2011,2012-05-06,Man United,Swansea,2,0,H,rain
977,44860,E0,2011,2012-05-06,Newcastle,Man City,0,2,A,rain
978,44861,E0,2011,2012-05-06,QPR,Stoke,1,0,H,rain
979,44862,E0,2011,2012-05-06,Wolves,Everton,0,0,D,rain
980,44863,E0,2011,2012-05-07,Blackburn,Wigan,0,1,A,partly-cloudy-day
981,44864,E0,2011,2012-05-08,Liverpool,Chelsea,4,1,H,partly-cloudy-day
982,44865,E0,2011,2012-05-13,Chelsea,Blackburn,2,1,H,partly-cloudy-day
983,44866,E0,2011,2012-05-13,Everton,Newcastle,3,1,H,partly-cloudy-day
984,44867,E0,2011,2012-05-13,Man City,QPR,3,2,H,partly-cloudy-day
985,44868,E0,2011,2012-05-13,Norwich,Aston Villa,2,0,H,partly-cloudy-day
986,44869,E0,2011,2012-05-13,Stoke,Bolton,2,2,D,partly-cloudy-day
987,44870,E0,2011,2012-05-13,Sunderland,Man United,0,1,A,partly-cloudy-day
988,44871,E0,2011,2012-05-13,Swansea,Liverpool,1,0,H,partly-cloudy-day
989,44872,E0,2011,2012-05-13,Tottenham,Fulham,2,0,H,partly-cloudy-day
990,44873,E0,2011,2012-05-13,West Brom,Arsenal,2,3,A,partly-cloudy-day
991,44874,E0,2011,2012-05-13,Wigan,Wolves,3,2,H,partly-cloudy-day
